,Divy,Div,Price,Low7,High7,Low52,High52,EPS,PE,ROE,NTA,Vol,Cap
3A (0012),2.38,2.000,0.840,0.825,0.875,0.700,1.100,5.92,14.19,8.86,0.668,"2,873",413.28m
AASIA (7054),0.00,0.000,0.145,0.145,0.155,0.140,0.210,-0.81,-,-2.70,0.300,120,95.70m
AAX (5238),0.00,0.000,0.255,0.240,0.295,0.205,0.435,-7.54,-,-53.86,0.140,"157,419",1.058b
ABFMY1 (0800EA),3.98,4.650,1.167,1.100,1.170,1.100,1.170,-,-,-,0.000,41,1.477b
ABLEGRP (7086),0.00,0.000,0.070,0.070,0.080,0.070,0.135,-0.37,-,-2.18,0.170,"3,180",18.47m
ABMB (2488),3.64,15.300,4.200,3.960,4.350,3.675,4.350,34.80,12.07,9.67,3.600,"9,794",6.502b
ACME (7131),0.00,0.000,0.230,0.230,0.230,0.230,0.380,1.18,19.49,3.72,0.317,29,54.91m
ACOSTEC (7120),0.00,0.000,0.430,0.405,0.470,0.300,0.490,-3.88,-,-7.46,0.520,"5,526",83.65m
ADVCON (5281),2.94,1.000,0.340,0.300,0.370,0.240,0.760,2.64,12.88,5.87,0.450,"6,873",136.71m
ADVENTA (7191),0.00,0.000,0.370,0.350,0.375,0.350,0.625,-,-,-,0.360,264,56.53m
ADVPKG (9148),5.26,10.000,1.900,1.900,2.000,1.740,2.070,5.09,37.33,3.26,1.560,17,38.96m
AEM (7146),0.00,0.000,0.120,0.110,0.120,0.110,0.185,-0.69,-,-3.83,0.180,"3,981",35.93m
AEMULUS (0181),0.82,0.200,0.245,0.225,0.280,0.190,0.453,0.96,25.52,6.86,0.140,"23,212",134.48m
AEON (6599),2.50,4.000,1.600,1.510,1.690,1.390,2.610,7.49,21.36,5.20,1.440,"16,970",2.246b
AEONCR (5139),2.46,41.130,16.700,15.900,17.300,11.678,17.300,139.26,11.99,24.60,5.660,"1,361",4.189b
AFFIN (5185),2.19,5.000,2.280,2.200,2.340,2.150,2.580,25.33,9.00,5.68,4.460,"1,808",4.528b
AFUJIYA (5198),0.00,0.000,0.500,0.455,0.605,0.370,0.740,2.39,20.92,2.72,0.880,359,90.00m
AHB (7315),0.00,0.000,0.135,0.125,0.150,0.115,0.255,0.59,22.88,2.81,0.210,"7,687",23.77m
AHEALTH (7090),1.25,12.000,9.580,8.200,9.800,5.270,9.800,49.80,19.24,15.32,3.250,286,1.127b
AHP (4952),7.41,5.630,0.760,0.710,0.785,0.644,0.800,5.60,13.57,4.36,1.283,121,167.20m
AIM (0122),0.00,0.000,0.280,0.280,0.280,0.210,0.300,-0.85,-,-8.59,0.099,44,74.50m
AIRASIA (5099),18.98,52.000,2.740,2.690,3.290,1.900,4.230,60.58,4.52,32.57,1.860,"97,796",9.157b
AIRPORT (5014),1.60,13.000,8.120,7.800,8.500,7.260,9.930,43.83,18.53,7.96,5.509,"30,904",13.473b
AISB (2682),0.00,0.000,0.260,0.255,0.295,0.200,0.395,-2.89,-,-2.88,1.002,89,37.54m
AJI (2658),2.50,46.500,18.600,18.560,19.000,17.740,25.035,97.77,19.02,13.11,7.460,206,1.131b
AJIYA (7609),1.90,1.000,0.525,0.525,0.570,0.490,0.640,8.07,6.51,7.02,1.150,"1,546",159.91m
ALAM (5115),0.00,0.000,0.095,0.085,0.120,0.060,0.160,-18.91,-,-43.98,0.430,"20,499",87.82m
ALAQAR (5116),5.62,7.700,1.370,1.320,1.400,1.002,1.400,12.42,11.03,9.64,1.288,496,1.008b
ALCOM (2674),41.84,20.500,0.490,0.490,0.520,0.420,0.905,2.56,19.14,2.81,0.910,"1,365",65.82m
ALLIANZ (1163),2.80,40.000,14.300,13.400,14.760,10.040,14.760,213.29,6.70,11.21,19.030,556,2.528b
ALSREIT (5269),6.65,5.350,0.805,0.795,0.830,0.742,0.876,0,-,0.00,1.071,348,466.90m
AMBANK (1015),3.33,15.000,4.500,4.400,4.590,3.250,4.590,43.10,10.44,7.55,5.710,"27,599",13.564b
AMEDIA (0159),0.00,0.000,0.165,0.155,0.170,0.075,0.175,-1.31,-,-14.56,0.090,"15,032",39.51m
AMFIRST (5120),7.92,4.200,0.530,0.515,0.540,0.510,0.605,1.35,39.26,1.10,1.229,"1,262",363.79m
AMLEX (03011),0.00,0.000,0.180,0.180,0.180,0.150,0.180,-,-,-,10.680,9,48.26m
AMPROP (1007),7.62,4.000,0.525,0.515,0.540,0.490,0.715,7.30,7.19,4.80,1.520,895,319.97m
AMTEK (7051),0.00,0.000,0.275,0.250,0.310,0.140,0.360,-5.51,-,-30.61,0.180,62,13.75m
AMTEL (7031),0.00,0.000,0.655,0.655,0.700,0.610,0.700,1.98,33.08,2.37,0.834,50,35.50m
AMVERTON (5959),0.00,0.000,1.000,0.870,1.050,0.870,1.250,20.67,4.84,10.55,1.960,597,365.06m
AMWAY (6351),4.47,27.500,6.150,5.700,6.300,5.600,8.370,33.16,18.55,25.12,1.320,109,1.011b
ANALABS (7083),1.67,2.000,1.200,1.180,1.220,0.986,1.394,8.35,14.37,3.81,2.190,624,144.06m
ANCOM (4758),0.00,0.000,0.480,0.465,0.520,0.366,0.682,9.91,4.84,7.34,1.350,"3,612",115.61m
ANCOMLB (0048),0.00,0.000,0.085,0.085,0.105,0.060,0.135,-0.11,-,-2.20,0.050,"3,276",40.23m
ANNJOO (6556),12.50,19.000,1.520,1.350,1.610,1.150,3.490,26.71,5.69,10.86,2.460,"9,307",851.07m
ANZO (9342),0.00,0.000,0.040,0.035,0.045,0.035,0.075,-,-,-,0.166,"16,688",35.23m
APB (5568),3.85,3.000,0.780,0.725,0.800,0.725,0.880,-,-,-,1.400,51,88.04m
APEX (5088),2.00,2.000,1.000,0.985,1.040,0.880,1.480,3.84,26.04,2.59,1.480,618,213.56m
APFT (5194),0.00,0.000,0.015,0.015,0.025,0.005,0.035,-,-,-,-0.010,"57,578",20.14m
APM (5015),4.33,13.000,3.000,2.700,3.100,2.680,3.700,19.07,15.73,3.02,6.310,70,604.80m
APOLLO (6432),5.22,20.000,3.830,3.700,4.000,3.550,4.360,15.89,24.10,5.03,3.160,80,306.40m
APPASIA (0119),0.00,0.000,0.090,0.085,0.115,0.085,0.330,0.13,69.23,1.65,0.079,"6,683",31.07m
ARANK (7214),6.13,3.250,0.530,0.510,0.550,0.467,0.630,7.88,6.73,7.36,1.070,"2,412",89.81m
ARK (7007),0.00,0.000,0.450,0.380,0.495,0.280,0.650,-5.46,-,-18.20,0.300,47,21.90m
ARMADA (5210),0.00,0.000,0.175,0.150,0.255,0.145,0.950,-39.22,-,-68.81,0.570,"390,546",1.027b
ARREIT (5127),7.24,6.080,0.840,0.830,0.850,0.780,0.867,0,-,0.00,1.338,682,481.50m
ASB (1481),2.00,0.250,0.125,0.115,0.140,0.105,0.238,-0.53,-,-1.17,0.454,"74,552",116.15m
ASDION (0068),0.00,0.000,0.240,0.210,0.265,0.155,0.535,-2.15,-,-30.71,0.070,"44,577",27.90m
ASIABRN (7722),0.00,0.000,0.435,0.350,0.480,0.325,0.731,-4.58,-,-3.61,1.270,68,101.20m
ASIAFLE (7129),5.88,15.000,2.550,2.550,2.640,2.350,2.830,23.38,10.91,7.63,3.066,480,496.64m
ASIAPAC (4057),0.00,0.000,0.120,0.115,0.125,0.110,0.165,3.65,3.29,3.76,0.970,"9,748",124.46m
ASIAPLY (0105),6.25,0.500,0.080,0.075,0.095,0.060,0.150,-0.64,-,-3.37,0.190,"8,408",35.88m
ASTINO (7162),1.45,1.000,0.690,0.650,0.715,0.590,1.020,8.22,8.39,6.13,1.340,"1,942",189.14m
ASTRO (6399),7.62,12.500,1.640,1.530,1.700,1.025,2.360,10.09,16.25,85.51,0.118,"56,816",8.551b
AT (0072),0.00,0.000,0.050,0.045,0.055,0.045,0.095,-1.59,-,-10.13,0.157,"6,034",23.20m
ATAIMS (8176),0.00,0.000,1.730,1.680,1.840,1.340,1.880,9.45,18.31,21.00,0.450,"6,957",1.984b
ATLAN (7048),4.55,20.000,4.400,4.350,4.430,4.000,4.500,23.84,18.46,11.19,2.130,230,1.116b
ATRIUM (5130),7.30,8.100,1.110,1.100,1.150,0.979,1.150,9.54,11.64,6.36,1.499,339,135.20m
ATTA (7099),11.67,7.000,0.600,0.570,0.750,0.545,0.930,-1.82,-,-1.10,1.660,407,127.99m
ATURMJU (7181),0.00,0.000,0.365,0.275,0.395,0.074,0.600,5.57,6.55,15.91,0.350,"2,021",27.71m
AVI (8885),0.00,0.000,0.235,0.235,0.260,0.200,0.425,-1.79,-,-5.74,0.312,"1,653",201.76m
AWC (7579),0.67,0.500,0.745,0.670,0.780,0.595,0.925,8.45,8.82,12.71,0.665,"11,937",214.45m
AXIATA (6888),2.03,8.500,4.190,3.700,4.370,3.200,5.445,-55.50,-,-28.76,1.930,"48,522",38.012b
AXREIT (5106),5.05,8.740,1.730,1.670,1.780,1.103,1.786,12.53,13.81,9.32,1.345,"6,738",2.141b
AYER (2305),1.19,5.000,4.200,4.200,4.230,4.200,6.630,26.92,15.60,3.93,6.850,15,314.38m
AYS (5021),7.14,2.500,0.350,0.335,0.375,0.310,0.425,4.88,7.17,6.78,0.720,"1,563",133.15m
AZRB (7078),2.30,1.000,0.435,0.310,0.505,0.274,0.741,2.45,17.76,3.17,0.772,"35,512",260.09m
BAHVEST (0098),0.00,0.000,0.555,0.470,0.565,0.325,0.725,5.31,10.45,11.57,0.459,"40,343",678.08m
BARAKAH (7251),0.00,0.000,0.095,0.080,0.145,0.040,0.290,-,-,-,0.164,"142,490",79.40m
BAT (4162),4.57,155.000,33.920,33.420,38.500,21.380,38.680,165.23,20.53,111.64,1.480,"3,378",9.685b
BAUTO (5248),4.77,10.400,2.180,2.160,2.260,1.762,2.357,19.08,11.43,42.97,0.444,"21,576",2.535b
BCB (6602),0.00,0.000,0.300,0.275,0.310,0.220,0.475,7.91,3.79,6.65,1.190,641,123.75m
BCMALL (0187),0.00,0.000,0.200,0.195,0.220,0.140,0.250,1.98,10.10,18.00,0.110,"26,372",84.25m
BDB (6173),0.00,0.000,0.340,0.315,0.395,0.285,0.630,-13.88,-,-9.19,1.510,372,103.31m
BENALEC (5190),2.16,0.400,0.185,0.175,0.225,0.155,0.380,-0.88,-,-1.14,0.770,"5,277",159.43m
BERTAM (9814),0.00,0.000,0.280,0.250,0.290,0.180,0.420,-1.88,-,-1.92,0.980,"1,320",57.89m
BHIC (8133),3.88,5.000,1.290,1.260,1.310,1.185,1.945,-43.60,-,-46.38,0.940,163,320.51m
BIG (7005),0.00,0.000,0.380,0.265,0.415,0.260,0.415,1.40,27.14,2.03,0.690,306,18.28m
BIMB (5258),3.65,15.500,4.250,3.750,4.360,3.245,4.360,38.66,10.99,13.02,2.970,"2,184",7.498b
BINACOM (0195),2.50,1.000,0.400,0.390,0.430,0.350,0.520,3.66,10.93,13.07,0.280,"10,669",104.00m
BINTAI (6998),0.00,0.000,0.135,0.130,0.150,0.115,0.195,2.25,6.00,8.65,0.260,"2,620",39.09m
BIOHLDG (0179),0.54,0.110,0.205,0.195,0.215,0.189,0.274,1.40,14.64,7.61,0.184,"17,528",176.34m
BIOOSMO (7243),0.00,0.000,0.055,0.055,0.070,0.030,0.070,-,-,-,0.020,"16,203",43.74m
BIPORT (5032),5.43,25.000,4.600,4.400,4.700,4.400,5.920,30.88,14.90,11.16,2.768,47,2.116b
BJASSET (3239),0.00,0.000,0.305,0.275,0.320,0.245,0.539,-0.59,-,-0.65,0.910,"8,093",780.24m
BJCORP (3395),0.00,0.000,0.270,0.270,0.285,0.260,0.395,-4.54,-,-3.51,1.293,"123,437",1.329b
BJFOOD (5196),2.90,4.000,1.380,1.340,1.490,1.280,1.810,0.85,162.35,0.83,1.026,"2,383",527.01m
BJLAND (4219),0.00,0.000,0.270,0.265,0.300,0.180,0.365,-1.73,-,-2.11,0.820,"17,045",1.350b
BJMEDIA (6025),0.00,0.000,0.210,0.120,0.250,0.120,0.375,-5.87,-,-117.40,0.050,76,49.37m
BJTOTO (1562),6.75,16.000,2.370,2.230,2.380,1.900,2.500,17.88,13.26,30.31,0.590,"11,196",3.202b
BKAWAN (1899),3.20,55.000,17.180,16.500,17.500,15.800,18.350,97.31,17.65,6.16,15.790,269,7.490b
BLDPLNT (5069),0.43,3.000,6.960,6.900,7.100,6.700,8.270,-48.98,-,-8.10,6.050,44,650.76m
BOILERM (0168),3.18,1.750,0.550,0.510,0.600,0.500,0.758,4.33,12.70,11.39,0.380,"1,313",283.80m
BONIA (9288),5.00,1.250,0.250,0.245,0.265,0.205,0.515,2.01,12.44,4.37,0.460,"4,824",201.57m
BORNOIL (7036),0.00,0.000,0.045,0.040,0.050,0.040,0.090,-,-,-,0.130,"270,373",240.32m
BOXPAK (6297),0.00,0.000,1.250,1.090,1.350,0.865,1.350,-12.40,-,-5.96,2.080,57,150.06m
BPLANT (5254),25.32,19.500,0.770,0.750,1.000,0.655,1.320,-2.31,-,-1.91,1.210,"6,194",1.725b
BPPLAS (5100),3.67,4.000,1.090,1.010,1.130,0.810,1.150,11.23,9.71,11.70,0.960,708,204.58m
BPURI (5932),0.00,0.000,0.180,0.180,0.210,0.165,0.385,0.14,128.57,0.21,0.679,"33,929",68.77m
BRAHIMS (9474),0.00,0.000,0.115,0.055,0.245,0.055,0.505,-43.65,-,-,-0.020,"10,923",27.17m
BREM (8761),4.00,3.000,0.750,0.745,0.755,0.725,0.915,1.93,38.86,1.21,1.590,849,259.10m
BRIGHT (9938),0.00,0.000,0.180,0.170,0.195,0.140,0.285,-0.67,-,-1.19,0.564,"1,702",36.96m
BSLCORP (7221),0.00,0.000,0.345,0.335,0.445,0.260,0.600,0.50,69.00,0.43,1.160,217,33.81m
BSTEAD (2771),8.09,11.000,1.360,1.350,1.560,1.340,2.715,-23.15,-,-8.74,2.650,"2,346",2.757b
BTECH (0011),5.52,1.600,0.290,0.230,0.295,0.199,0.345,1.65,17.58,7.17,0.230,"3,298",73.08m
BTM (7188),0.00,0.000,0.110,0.090,0.145,0.070,0.210,-1.70,-,-8.50,0.200,"2,450",15.55m
BURSA (1818),4.74,33.600,7.090,6.990,7.300,6.604,7.864,27.75,25.55,25.69,1.080,"10,917",5.725b
CAB (7174),0.78,0.500,0.640,0.515,0.680,0.495,1.020,3.83,16.71,5.39,0.710,"6,520",414.11m
CABNET (0191),5.10,1.300,0.255,0.215,0.275,0.200,0.464,2.64,9.66,10.04,0.263,860,45.58m
CAELY (7154),1.02,1.000,0.985,0.800,1.050,0.605,1.280,0.73,134.93,0.68,1.080,"6,880",80.02m
CAMRES (7128),0.00,0.000,0.235,0.235,0.280,0.220,0.360,1.27,18.50,2.19,0.580,289,46.25m
CANONE (5105),1.49,4.000,2.680,2.550,2.880,1.830,2.880,24.24,11.06,5.61,4.324,748,514.97m
CAP (5229),0.00,0.000,0.010,0.010,0.010,0.010,0.010,-4.95,-,-14.14,0.350,0,13.62m
CAREPLS (0163),0.00,0.000,0.180,0.175,0.200,0.175,0.270,-0.27,-,-1.41,0.192,"5,806",95.64m
CARIMIN (5257),0.00,0.000,0.815,0.675,0.945,0.205,0.945,-1.81,-,-2.83,0.640,"23,825",190.61m
CARING (5245),2.54,5.000,1.970,1.650,2.000,1.400,2.000,9.58,20.56,14.74,0.650,152,428.88m
CARLSBG (2836),3.92,100.000,25.480,20.400,25.500,16.920,25.500,90.65,28.11,153.64,0.590,"1,696",7.790b
CBIP (7076),5.88,6.000,1.020,1.010,1.140,0.960,1.600,8.61,11.85,5.98,1.440,"4,271",549.01m
CCB (2925),0.00,0.000,1.580,1.500,1.600,1.440,2.180,22.15,7.13,7.61,2.911,406,159.18m
CCK (7035),4.72,3.000,0.635,0.450,0.670,0.365,1.010,4.42,14.37,10.52,0.420,"26,367",400.51m
CCM (2879),4.59,9.000,1.960,1.830,2.000,1.510,2.370,15.33,12.79,8.03,1.910,"3,123",328.68m
CCMDBIO (7148),7.52,8.500,1.130,0.990,1.180,0.925,1.475,7.22,15.65,9.89,0.730,"6,657",747.93m
CENSOF (5195),0.00,0.000,0.145,0.135,0.165,0.120,0.245,-2.15,-,-8.21,0.262,"5,850",72.75m
CEPAT (8982),2.54,1.500,0.590,0.590,0.645,0.530,0.790,1.63,36.20,1.46,1.120,756,187.88m
CEPCO (8435),0.00,0.000,0.630,0.630,0.655,0.630,0.869,-9.13,-,-3.89,2.350,8,47.01m
CFM (8044),0.00,0.000,1.250,1.140,1.250,0.900,1.360,-12.27,-,-10.76,1.140,28,51.25m
CHEETAH (7209),1.14,0.400,0.350,0.290,0.370,0.290,0.491,0.49,71.43,0.45,1.090,17,44.67m
CHGP (7187),0.00,0.000,0.365,0.330,0.380,0.330,0.490,1.96,18.62,5.03,0.390,"1,414",108.45m
CHHB (5738),0.00,0.000,1.490,1.440,1.550,0.963,1.580,30.91,4.82,9.88,3.130,983,410.80m
CHINHIN (5273),4.35,3.500,0.805,0.710,0.825,0.630,1.120,4.34,18.55,5.79,0.750,"4,563",447.89m
CHINTEK (1929),4.29,30.000,7.000,6.660,7.000,6.300,7.850,74.65,9.38,10.33,7.230,20,639.54m
CHINWEL (5007),4.44,8.000,1.800,1.680,1.800,1.449,2.000,20.08,8.96,10.40,1.930,"1,643",539.16m
CHOOBEE (5797),3.68,6.000,1.630,1.520,1.710,1.410,2.170,24.57,6.63,6.32,3.890,653,214.66m
CHUAN (7016),2.93,1.100,0.375,0.305,0.385,0.230,0.474,4.71,7.96,2.51,1.880,266,63.25m
CICB (8052),3.37,1.750,0.520,0.420,0.520,0.420,0.880,-4.01,-,-6.91,0.580,29,46.80m
CIHLDG (2828),6.90,10.000,1.450,1.450,1.610,1.450,2.080,11.19,12.96,8.88,1.260,95,234.90m
CIMB (1023),4.40,25.000,5.680,5.620,5.890,5.080,7.230,58.38,9.73,10.87,5.371,"128,969",54.326b
CIMBA40 (0822EA),3.63,6.800,1.875,1.850,1.900,1.735,2.032,0,-,0.00,1.815,57,5.06m
CIMBC50 (0823EA),0.00,0.000,1.600,1.520,1.645,1.450,1.700,0,-,0.00,1.470,183,11.44m
CJCEN (7117),3.49,1.500,0.430,0.415,0.540,0.385,0.830,2.48,17.34,2.99,0.830,"5,085",169.52m
CLIQ (5234),0.00,0.000,0.720,0.720,0.720,0.720,0.720,-,-,-,0.000,0,454.28m
CLOUD (03001),0.00,0.000,0.300,0.300,0.300,0.180,0.350,-,-,-,0.068,5,249.36m
CME (7018),0.00,0.000,0.035,0.035,0.040,0.035,0.060,-,-,-,0.110,"11,750",20.45m
CMMT (5180),7.12,7.900,1.110,1.051,1.120,0.901,1.211,6.63,16.74,5.24,1.266,"9,453",2.269b
CMSB (2852),2.54,8.000,3.150,2.960,3.220,1.740,4.320,24.73,12.74,10.39,2.380,"17,031",3.384b
CNASIA (7986),0.00,0.000,0.445,0.400,0.460,0.400,0.900,3.57,12.46,3.92,0.910,273,20.20m
CNI (5104),0.00,0.000,0.070,0.060,0.075,0.060,0.095,0.11,63.64,1.00,0.110,"3,734",50.40m
CNOUHUA (5188),0.00,0.000,0.050,0.045,0.065,0.035,0.120,-1.63,-,-8.58,0.190,"7,577",33.40m
COASTAL (5071),1.92,2.000,1.040,0.835,1.120,0.735,1.350,-103.19,-,-45.42,2.272,"1,664",552.86m
COCOLND (7205),6.19,13.000,2.100,1.970,2.140,1.830,2.560,13.51,15.54,13.12,1.030,318,480.48m
COMCORP (7195),0.00,0.000,0.135,0.120,0.160,0.080,0.385,-34.95,-,-197.46,0.177,"5,242",18.90m
COMFORT (2127),1.16,1.000,0.860,0.830,0.890,0.680,1.140,4.15,20.72,8.47,0.490,"19,228",483.28m
COMPLET (5136),0.00,0.000,0.900,0.740,0.900,0.535,0.900,9.21,9.77,7.61,1.210,637,111.83m
COMPUGT (5037),0.00,0.000,0.025,0.020,0.030,0.020,0.030,-0.26,-,-5.20,0.050,"29,966",58.69m
CONNECT (0102),0.00,0.000,0.115,0.110,0.130,0.105,0.190,-2.89,-,-32.11,0.090,"4,361",37.87m
CRESBLD (8591),4.04,4.000,0.990,0.885,1.020,0.790,1.100,39.78,2.49,13.86,2.870,"2,172",175.15m
CRESNDO (6718),4.76,6.000,1.260,1.200,1.320,1.190,1.370,10.19,12.37,3.21,3.170,122,353.38m
CRG (03016),0.00,0.000,0.045,0.040,0.050,0.005,0.085,-,-,-,0.086,"10,958",36.25m
CSCENIC (7202),8.85,10.000,1.130,1.070,1.150,1.050,1.530,6.00,18.83,7.59,0.790,200,136.16m
CSCSTEL (5094),9.17,10.000,1.090,1.070,1.200,0.975,1.450,5.76,18.92,2.64,2.180,"1,755",414.20m
CSL (5214),0.00,0.000,0.010,0.010,0.010,0.010,0.010,-0.44,-,-0.31,1.410,0,12.43m
CUSCAPI (0051),0.00,0.000,0.195,0.195,0.230,0.130,0.575,-2.55,-,-21.25,0.120,"112,011",167.56m
CVIEW (5049),0.00,0.000,1.490,1.370,1.530,1.100,1.600,70.51,2.11,18.08,3.900,36,149.00m
CWG (9423),3.53,1.500,0.425,0.420,0.450,0.415,0.540,4.24,10.02,6.33,0.670,146,53.67m
CYL (7157),8.08,4.000,0.495,0.495,0.560,0.470,0.670,-2.30,-,-3.67,0.627,51,49.50m
CYMAO (5082),0.00,0.000,0.380,0.330,0.380,0.295,0.410,-5.72,-,-9.08,0.630,146,28.50m
CYPARK (5184),3.22,5.600,1.740,1.620,1.760,1.330,1.780,15.37,11.32,7.12,2.160,"3,813",796.93m
D&O (7204),1.35,1.000,0.740,0.700,0.810,0.540,0.995,3.25,22.77,10.35,0.314,"26,282",818.30m
DAIBOCI (8125),2.12,3.350,1.580,1.550,1.660,1.550,2.372,4.65,33.98,7.75,0.600,421,518.08m
DAIMAN (5355),1.67,5.000,2.990,,0.030 - 2.990,,1.100 - 2.990,9.32,32.08,1.65,5.650,"1,150",634.45m
DANCO (5276),2.65,1.500,0.565,0.450,0.570,0.320,0.585,5.04,11.21,12.60,0.400,"6,649",168.37m
DATAPRP (8338),0.00,0.000,0.210,0.200,0.235,0.175,0.295,-1.95,-,-39.00,0.050,"18,723",88.49m
DAYA (0091),0.00,0.000,0.005,0.005,0.015,0.005,0.050,-7.76,-,-,-0.074,"50,256",10.21m
DAYANG (5141),0.00,0.000,1.180,0.590,1.180,0.500,1.180,17.00,6.94,14.53,1.170,"45,765",1.138b
DBE (7179),0.00,0.000,0.025,0.025,0.035,0.025,0.040,-1.01,-,-50.50,0.020,"48,507",66.96m
DBHD (3484),0.00,0.000,0.410,0.335,0.460,0.220,0.520,6.48,6.33,12.02,0.539,"5,668",130.53m
DEGEM (7119),0.95,1.000,1.050,1.050,1.050,0.910,1.090,-0.01,-,-0.01,1.900,15,140.70m
DELEUM (5132),3.12,3.500,1.120,1.070,1.280,0.888,1.340,6.77,16.54,8.16,0.830,"3,680",449.26m
DESTINI (7212),0.00,0.000,0.220,0.195,0.255,0.120,0.590,0.16,137.50,3.64,0.044,"57,910",254.15m
DGB (0152),0.00,0.000,0.130,0.125,0.140,0.098,0.185,-,-,-,0.070,"67,105",98.30m
DGSB (0131),0.00,0.000,0.085,0.080,0.100,0.080,0.220,-,-,-,7.010,"28,385",63.39m
DIALOG (7277),1.01,3.200,3.180,2.960,3.340,2.438,3.642,8.60,36.98,13.33,0.645,"129,467",17.940b
DIGI (6947),4.12,18.800,4.560,4.492,4.702,3.783,4.742,19.82,23.01,220.22,0.090,"42,521",35.454b
DIGISTA (0029),0.00,0.000,0.050,0.045,0.055,0.040,0.115,-3.09,-,-32.19,0.096,"3,756",32.92m
DIN040000223 (0400GA),0.00,0.000,98.400,98.400,98.500,97.800,99.500,-,-,-,-,0,295.20m
DIN042300721 (0400GC),0.00,0.000,98.860,98.860,98.860,98.860,101.500,-,-,-,-,0,98.86m
DIN045801028 (0400GB),0.00,0.000,98.800,98.800,98.800,97.420,101.000,-,-,-,-,0,98.80m
DKLS (7528),1.68,3.000,1.790,1.610,1.800,1.530,1.840,5.97,29.98,1.40,4.270,28,165.93m
DKSH (5908),4.07,10.000,2.460,2.400,2.870,2.140,4.320,28.30,8.69,7.47,3.787,"1,079",387.84m
DLADY (3026),3.15,200.000,63.460,61.500,64.400,55.380,74.980,202.26,31.38,122.58,1.650,177,4.061b
DNEX (4456),1.79,0.500,0.280,0.240,0.340,0.195,0.465,2.01,13.93,7.73,0.260,"116,506",492.25m
DNONCE (7114),0.00,0.000,0.450,0.425,0.600,0.270,0.755,-,-,-,0.390,"26,329",110.86m
DOLMITE (5835),0.00,0.000,0.110,0.110,0.120,0.100,0.295,-,-,-,0.110,347,31.34m
DOLPHIN (5265),0.00,0.000,0.135,0.110,0.165,0.070,0.165,-1.60,-,-16.16,0.099,"6,327",32.97m
DOMINAN (7169),5.60,7.000,1.250,1.240,1.290,1.160,1.370,20.48,6.10,12.41,1.650,290,206.55m
DPIH (0205),0.00,0.000,0.220,0.220,0.245,0.210,0.350,-,-,-,0.100,"69,033",107.08m
DPS (7198),0.00,0.000,0.060,0.055,0.070,0.050,0.100,-1.04,-,-5.78,0.180,"5,026",35.27m
DRBHCOM (1619),1.60,3.000,1.870,1.640,1.930,1.600,2.550,-0.79,-,-0.23,3.400,"45,724",3.615b
DSONIC (5216),8.89,4.000,0.450,0.425,0.510,0.280,1.015,3.13,14.38,16.39,0.191,"96,076",607.50m
DUFU (7233),3.87,6.500,1.680,1.570,1.910,0.586,2.713,19.70,8.53,27.75,0.710,"20,977",442.19m
DUTALND (3948),10.20,5.000,0.490,0.475,0.520,0.435,0.600,46.20,1.06,30.00,1.540,"8,209",414.60m
DYNACIA (5178),0.00,0.000,0.100,0.090,0.105,0.065,0.380,-2.04,-,-20.61,0.099,"85,910",37.69m
E&O (3417),3.49,3.000,0.860,0.850,1.130,0.850,1.656,4.68,18.38,3.32,1.410,"11,635",1.141b
EAH (0154),0.00,0.000,0.015,0.015,0.025,0.010,0.040,-0.16,-,-4.00,0.040,"46,888",76.09m
EASTLND (2097),0.00,0.000,0.105,0.100,0.125,0.095,0.275,-3.59,-,-5.06,0.710,"20,722",25.80m
EATECH (5259),0.00,0.000,0.430,0.370,0.515,0.280,0.605,11.31,3.80,25.13,0.450,"15,635",216.72m
ECM (2143),0.00,0.000,0.295,0.245,0.325,0.240,0.410,1.07,27.57,2.97,0.360,603,141.58m
ECOFIRS (3557),0.00,0.000,0.300,0.290,0.300,0.280,0.325,2.77,10.83,6.94,0.399,"3,364",240.95m
ECOHLDS (0059),0.00,0.000,0.280,0.250,0.290,0.180,0.405,-1.99,-,-4.55,0.437,"5,068",45.56m
ECONBHD (5253),5.68,2.500,0.440,0.390,0.570,0.360,1.190,1.78,24.72,6.85,0.260,"75,344",588.50m
ECOWLD (8206),0.00,0.000,0.970,0.905,0.995,0.890,1.450,5.62,17.26,3.75,1.500,"8,747",2.856b
EDARAN (5036),0.00,0.000,0.535,0.500,0.630,0.335,0.840,11.66,4.59,22.34,0.522,"24,779",32.10m
EDEN (7471),0.00,0.000,0.115,0.105,0.130,0.090,0.444,-2.05,-,-2.66,0.770,"73,750",44.95m
EDGENTA (1368),4.86,14.000,2.880,2.640,2.950,1.800,2.950,17.83,16.15,9.85,1.810,"2,224",2.395b
EDUSPEC (0107),0.00,0.000,0.025,0.020,0.040,0.015,0.180,-,-,-,0.072,"58,368",27.55m
EFFICEN (0064),0.00,0.000,0.175,0.170,0.200,0.170,0.320,-1.07,-,-5.63,0.190,"4,810",124.10m
EFORCE (0065),3.16,1.500,0.475,0.460,0.570,0.320,1.274,1.60,29.69,14.55,0.110,"45,823",196.88m
EG (8907),0.00,0.000,0.455,0.450,0.480,0.430,0.640,6.16,7.39,4.85,1.270,"6,258",123.18m
EIG (5081),4.55,3.000,0.660,0.575,0.665,0.510,0.665,3.59,18.38,4.79,0.750,74,156.55m
EITA (5208),5.15,7.000,1.360,1.320,1.480,1.090,1.700,11.27,12.07,8.94,1.260,460,176.80m
EKA (7182),0.00,0.000,0.065,0.060,0.070,0.050,0.085,-1.25,-,-,-0.100,"1,983",20.28m
EKOVEST (8877),1.80,1.000,0.555,0.510,0.630,0.410,1.030,5.03,11.03,5.13,0.980,"76,806",1.187b
EKSONS (9016),6.02,5.000,0.830,0.735,0.850,0.630,0.990,-6.09,-,-2.24,2.720,391,136.30m
ELKDESA (5228),4.96,6.750,1.360,1.300,1.370,1.070,1.370,10.46,13.00,7.69,1.360,"1,087",420.21m
ELSOFT (0090),7.14,7.500,1.050,1.010,1.250,0.891,1.488,5.99,17.53,35.24,0.170,"7,519",699.12m
EMETALL (7217),6.58,2.500,0.380,0.375,0.460,0.370,0.690,1.65,23.03,1.74,0.950,"2,787",71.55m
EMICO (9091),0.00,0.000,0.175,0.155,0.205,0.150,0.240,-1.10,-,-2.50,0.440,737,17.66m
ENCORP (6076),0.00,0.000,0.360,0.360,0.440,0.350,0.830,-0.71,-,-0.53,1.330,309,105.82m
ENGKAH (7149),2.86,3.000,1.050,0.990,1.080,0.935,1.440,9.22,11.39,9.04,1.020,54,74.30m
ENGTEX (5056),1.89,1.500,0.795,0.770,0.875,0.770,1.230,2.75,28.91,1.74,1.580,"7,890",352.44m
ENRA (8613),2.94,4.500,1.530,1.520,1.550,1.520,2.685,-1.20,-,-1.09,1.102,43,208.40m
EPMB (7773),0.00,0.000,0.400,0.385,0.420,0.365,0.510,-7.17,-,-4.10,1.750,96,66.38m
ESAFE (0190),8.57,1.800,0.210,0.200,0.260,0.170,0.357,0.35,60.00,1.39,0.251,483,50.52m
ESCERAM (0100),4.00,0.600,0.150,0.140,0.165,0.105,0.244,-0.04,-,-0.17,0.240,"2,222",30.83m
EUPE (6815),0.00,0.000,0.605,0.560,0.680,0.550,0.955,14.51,4.17,6.05,2.400,427,77.44m
EURO (7208),0.00,0.000,0.140,0.135,0.165,0.125,0.365,-1.58,-,-5.64,0.280,"30,451",37.42m
EUROSP (7094),0.00,0.000,0.440,0.425,0.450,0.425,0.750,-6.26,-,-6.19,1.011,62,19.55m
EVERGRN (5101),3.78,1.380,0.365,0.345,0.410,0.335,0.625,1.90,19.21,1.36,1.400,"23,069",308.94m
EWEIN (7249),0.79,0.500,0.630,0.575,0.690,0.300,0.885,13.93,4.52,18.33,0.760,"46,467",190.00m
EWINT (5283),0.00,0.000,0.755,0.735,0.800,0.665,1.150,1.47,51.36,1.41,1.040,"6,557",1.812b
F&N (3689),1.62,57.500,35.400,33.280,36.180,28.895,39.695,109.37,32.37,16.52,6.620,"4,597",12.984b
FACBIND (2984),3.10,4.000,1.290,1.100,1.330,1.050,1.530,-0.76,-,-0.29,2.580,226,109.86m
FAJAR (7047),3.90,1.500,0.385,0.360,0.425,0.300,0.785,4.28,9.00,5.51,0.777,"12,533",143.93m
FAREAST (5029),12.64,35.000,2.770,2.700,2.900,1.956,3.462,10.16,27.26,5.55,1.830,190,1.645b
FARLIM (6041),0.00,0.000,0.365,0.355,0.375,0.340,0.445,-0.41,-,-0.40,1.030,417,61.46m
FAVCO (7229),4.82,13.500,2.800,2.450,2.810,2.200,2.810,28.91,9.69,9.70,2.980,940,619.93m
FCW (2755),0.00,0.000,0.880,0.730,0.880,0.730,0.920,0.02,4400.00,0.03,0.680,45,219.99m
FGV (5222),4.20,5.000,1.190,0.990,1.380,0.630,2.000,-29.60,-,-24.26,1.220,"121,736",4.341b
FIAMMA (6939),4.37,2.250,0.515,0.485,0.530,0.430,0.570,6.32,8.15,6.72,0.940,836,272.96m
FIBON (0149),1.67,0.750,0.450,0.450,0.500,0.402,0.612,2.13,21.13,4.35,0.490,109,44.10m
FIHB (8605),3.00,1.200,0.400,0.300,0.400,0.280,0.472,5.47,7.31,5.96,0.918,852,43.60m
FIMACOR (3107),6.51,12.500,1.920,1.820,1.960,1.700,1.960,22.55,8.51,9.51,2.370,213,470.90m
FINTEC (0150),0.00,0.000,0.050,0.050,0.060,0.045,0.140,-10.32,-,-38.51,0.268,"47,236",30.55m
FITTERS (9318),0.00,0.000,0.500,0.430,0.525,0.365,0.525,3.22,15.53,4.01,0.802,"14,164",240.25m
FLBHD (5197),9.25,16.000,1.730,1.600,1.870,0.880,1.870,26.92,6.43,15.12,1.780,"2,859",182.63m
FOCUS (0116),0.00,0.000,0.140,0.135,0.150,0.120,0.310,-0.16,-,-8.00,0.020,"30,318",285.89m
FOCUSP (0157),3.39,1.000,0.295,0.200,0.320,0.160,0.320,4.30,6.86,12.39,0.347,131,48.68m
FPGROUP (5277),3.33,1.000,0.300,0.275,0.315,0.175,0.455,1.66,18.07,11.22,0.148,"50,015",155.58m
FPI (9172),5.56,10.000,1.800,1.780,2.070,1.150,2.070,14.81,12.15,12.45,1.190,"8,268",445.24m
FREIGHT (7210),8.93,5.000,0.560,0.545,0.585,0.505,0.777,6.29,8.90,6.11,1.030,"1,147",156.36m
FRONTKN (0128),1.61,1.500,0.930,0.830,0.985,0.338,0.988,4.96,18.75,16.00,0.310,"114,965",979.69m
FSBM (9377),0.00,0.000,0.095,0.095,0.095,0.080,0.240,-0.39,-,-9.75,0.040,289,13.42m
G3 (7184),0.00,0.000,0.790,0.710,0.820,0.600,0.950,-4.15,-,-33.74,0.123,632,325.88m
GADANG (9261),5.13,3.000,0.585,0.550,0.655,0.475,1.020,12.39,4.72,11.37,1.090,"18,814",387.11m
GAMUDA (5398),4.11,12.000,2.920,2.640,3.150,1.940,5.120,19.57,14.92,6.19,3.160,"93,944",7.207b
GASMSIA (5209),4.61,13.000,2.820,2.760,2.920,2.635,2.965,14.05,20.07,17.61,0.798,"2,717",3.621b
GBGAQRS (5226),4.46,5.000,1.120,0.905,1.180,0.590,1.844,12.85,8.72,12.98,0.990,"40,200",553.95m
GCB (5102),1.05,4.000,3.800,3.330,3.880,1.300,3.880,39.41,9.64,28.23,1.396,"6,657",1.825b
GCE (5592),4.65,2.000,0.430,0.420,0.480,0.400,0.580,-2.72,-,-2.43,1.120,108,84.71m
GDB (0198),7.41,2.000,0.270,0.250,0.280,0.220,0.440,4.46,6.05,26.24,0.170,"14,226",168.75m
GDEX (0078),0.55,0.200,0.365,0.285,0.395,0.253,0.613,0.47,77.66,5.22,0.090,"15,887",2.059b
GENETEC (0104),1.33,2.500,1.880,1.760,2.050,1.125,2.050,21.80,8.62,11.41,1.910,"1,417",79.22m
GENM (4715),4.94,17.000,3.440,3.270,3.550,2.760,5.310,-0.33,-,-0.10,3.220,"129,789",20.427b
GENP (2291),2.48,26.000,10.500,10.120,10.780,9.002,10.780,20.41,51.45,3.99,5.120,"6,068",8.482b
GENTING (3182),2.97,21.500,7.240,6.950,7.620,5.910,8.945,35.22,20.56,3.96,8.900,"48,255",28.069b
GESHEN (7197),0.00,0.000,0.630,0.600,0.780,0.600,1.230,5.62,11.21,4.26,1.320,"1,200",50.41m
GETS (5079),0.00,0.000,0.125,0.115,0.145,0.100,0.245,-,-,-,0.350,881,15.75m
GFM (0039),1.80,0.910,0.505,0.435,0.550,0.336,0.550,1.62,31.17,8.10,0.200,"9,435",237.81m
GHLSYS (0021),0.00,0.000,1.720,1.640,1.720,1.030,1.860,3.33,51.65,6.11,0.545,"2,983",1.269b
GKENT (3204),8.80,9.500,1.080,1.040,1.210,0.740,4.385,21.05,5.13,23.79,0.885,"75,789",608.33m
GLBHD (7382),2.56,1.000,0.390,0.370,0.425,0.335,0.570,-11.26,-,-5.39,2.090,135,86.94m
GLOMAC (5020),3.95,1.500,0.380,0.365,0.400,0.360,0.520,3.68,10.33,2.67,1.380,"2,315",304.03m
GLOTEC (5220),0.00,0.000,0.470,0.465,0.515,0.420,1.100,1.32,35.61,1.40,0.946,"5,011",126.47m
GMUTUAL (9962),1.85,0.500,0.270,0.245,0.330,0.240,0.395,1.59,16.98,1.71,0.930,409,101.41m
GNB (0045),0.00,0.000,0.050,0.050,0.055,0.035,0.100,-0.25,-,-,-0.013,"12,143",14.44m
GOB (1147),2.78,0.500,0.180,0.170,0.205,0.170,0.305,-23.11,-,-30.01,0.770,"5,284",81.84m
GOCEAN (0074),0.00,0.000,0.100,0.090,0.120,0.085,0.165,-1.12,-,-14.55,0.077,"2,623",28.97m
GOLDETF (0828EA),0.00,0.000,1.760,1.745,1.795,1.600,1.795,0,-,0.00,1.739,341,45.06m
GOODWAY (7192),0.00,0.000,0.200,0.200,0.245,0.170,0.330,-,-,-,0.360,"20,566",22.10m
GOPENG (2135),5.80,4.000,0.690,0.660,0.740,0.550,1.100,0.20,345.00,0.18,1.090,88,185.61m
GPA (7096),0.00,0.000,0.085,0.085,0.090,0.080,0.110,0.04,212.50,0.36,0.110,"2,518",83.34m
GPACKET (0082),0.00,0.000,0.335,0.310,0.450,0.280,0.470,-7.31,-,-31.78,0.230,"25,109",304.49m
GPHAROS (5649),0.00,0.000,0.220,0.190,0.220,0.170,0.325,0.38,57.89,0.68,0.560,488,29.87m
GRANFLO (0056),2.93,0.600,0.205,0.195,0.220,0.180,0.235,1.13,18.14,4.87,0.232,"1,201",99.04m
GREENYB (0136),2.31,0.300,0.130,0.110,0.140,0.105,0.230,0.28,46.43,1.70,0.165,"3,370",43.39m
GSB (7077),0.00,0.000,0.165,0.150,0.175,0.085,0.255,-0.52,-,-5.59,0.093,"43,903",91.15m
GTRONIC (7022),8.99,17.000,1.890,1.880,2.100,1.390,2.870,10.48,18.03,23.29,0.450,"25,919",1.265b
GUH (3247),0.00,0.000,0.490,0.470,0.535,0.420,0.686,-0.96,-,-0.52,1.840,411,136.17m
GUNUNG (7676),0.00,0.000,0.325,0.300,0.420,0.280,0.450,-0.09,-,-0.21,0.427,464,76.76m
GUOCO (1503),2.53,2.000,0.790,0.730,0.800,0.720,1.010,3.04,25.99,1.56,1.943,484,553.36m
HAIO (7668),7.09,20.000,2.820,2.740,2.900,2.440,5.210,20.02,14.09,19.44,1.030,"2,172",846.84m
HALEX (5151),0.00,0.000,0.850,0.850,0.900,0.670,1.050,-10.50,-,-17.80,0.590,210,90.10m
HANDAL (7253),0.00,0.000,0.350,0.330,0.380,0.235,0.535,-,-,-,0.550,"5,295",56.00m
HAPSENG (3034),3.57,35.000,9.810,9.740,9.950,8.860,10.000,46.01,21.32,16.32,2.820,"5,013",24.424b
HARBOUR (2062),1.43,1.000,0.700,0.660,0.710,0.610,0.770,9.18,7.63,9.27,0.990,513,280.28m
HARISON (5008),5.19,20.000,3.850,3.700,3.950,3.400,3.950,32.81,11.73,7.29,4.500,59,263.68m
HARNLEN (7501),0.00,0.000,0.460,0.440,0.500,0.340,0.650,-11.41,-,-6.96,1.640,98,85.32m
HARTA (5168),2.28,11.700,5.140,4.980,5.550,4.920,7.406,14.44,35.60,21.88,0.660,"39,359",17.136b
HBGLOB (5187),0.00,0.000,0.105,0.055,0.105,0.055,0.370,2.37,4.43,5.64,0.420,"49,567",49.14m
HCK (7105),0.00,0.000,1.240,1.220,1.300,1.200,1.370,1.58,78.48,3.36,0.470,629,522.60m
HEIM (3255),3.95,90.000,22.780,20.680,23.600,17.420,23.620,93.52,24.36,76.03,1.230,"1,185",6.882b
HEKTAR (5121),8.50,9.600,1.130,1.120,1.150,1.073,1.229,7.17,15.76,5.21,1.375,"1,424",522.02m
HENGYUAN (4324),0.33,2.000,6.000,4.800,6.100,4.510,12.640,10.28,58.37,1.53,6.739,"14,025",1.800b
HEVEA (5095),11.06,6.800,0.615,0.590,0.665,0.525,1.016,2.97,20.71,3.76,0.790,"16,768",344.79m
HEXZA (3298),7.25,5.000,0.690,0.680,0.725,0.600,0.810,3.61,19.11,3.92,0.920,813,138.26m
HHGROUP (0175),0.00,0.000,0.130,0.115,0.140,0.115,0.235,-1.03,-,-4.44,0.232,"1,417",44.14m
HHHCORP (0160),0.00,0.000,0.095,0.090,0.105,0.080,0.125,0.61,15.57,3.59,0.170,"5,236",31.66m
HIAPTEK (5072),1.82,0.500,0.275,0.265,0.315,0.215,0.500,1.65,16.67,2.62,0.630,"39,053",369.65m
HIBISCS (5199),0.00,0.000,1.050,0.965,1.110,0.705,1.360,20.90,5.02,28.63,0.730,"350,226",1.668b
HIGHTEC (7033),2.73,3.500,1.280,1.280,1.300,1.110,1.680,8.78,14.58,3.49,2.518,38,51.98m
HIL (8443),3.50,1.750,0.500,0.465,0.520,0.465,0.782,5.11,9.78,5.11,1.000,"1,371",167.02m
HLBANK (5819),2.26,48.000,21.280,20.640,21.660,17.240,21.660,125.03,17.02,10.45,11.960,"11,025",46.129b
HLCAP (5274),1.98,19.000,9.600,9.600,9.600,9.600,9.600,29.42,32.63,9.28,3.170,0,2.370b
HLFG (1082),2.04,40.000,19.560,19.360,20.140,17.250,20.140,169.42,11.55,10.45,16.210,"3,342",22.445b
HLIND (3301),4.75,47.000,9.890,9.160,10.060,8.420,12.150,99.59,9.93,19.96,4.990,746,3.243b
HLT (0188),6.45,1.000,0.155,0.125,0.165,0.125,0.280,-4.99,-,-35.64,0.140,"1,359",79.36m
HOHUP (5169),0.00,0.000,0.375,0.320,0.420,0.280,0.550,7.31,5.13,7.54,0.970,"3,518",140.59m
HOKHENG (5165),0.00,0.000,0.550,0.465,0.565,0.335,0.620,0.17,323.53,0.24,0.718,263,44.00m
HOMERIZ (5160),4.10,2.500,0.610,0.600,0.640,0.575,0.795,6.54,9.33,13.08,0.500,"1,448",183.01m
HOOVER (7010),0.00,0.000,0.605,0.600,0.715,0.500,0.835,-4.34,-,-3.81,1.140,"1,395",24.20m
HSL (6238),1.58,2.400,1.520,1.380,1.610,1.276,1.626,9.23,16.47,6.54,1.412,994,885.67m
HSPLANT (5138),5.67,11.000,1.940,1.840,1.980,1.610,2.515,3.64,53.30,1.78,2.050,239,1.552b
HSSEB (0185),0.73,0.790,1.080,0.905,1.140,0.445,1.670,-20.69,-,-48.12,0.430,"34,345",535.53m
HTPADU (5028),0.00,0.000,0.680,0.645,0.910,0.340,1.160,-28.82,-,-25.50,1.130,"3,845",68.83m
HUAAN (2739),0.00,0.000,0.225,0.170,0.225,0.130,0.540,2.64,8.52,7.76,0.340,"219,402",252.52m
HUAYANG (5062),0.00,0.000,0.410,0.375,0.430,0.300,0.575,3.34,12.28,1.91,1.750,"2,277",144.32m
HUBLINE (7013),0.00,0.000,0.060,0.055,0.065,0.030,0.130,-0.14,-,-2.80,0.050,"120,892",229.14m
HUMEIND (5000),3.23,2.000,0.620,0.500,0.670,0.465,1.980,-20.24,-,-28.11,0.720,"1,406",297.04m
HUPSENG (5024),5.94,6.000,1.010,1.000,1.060,0.940,1.160,5.37,18.81,26.85,0.200,"2,295",808.00m
HWATAI (8478),0.00,0.000,0.340,0.300,0.350,0.280,0.420,-5.67,-,-17.13,0.331,406,25.44m
HWGB (9601),0.00,0.000,0.095,0.095,0.120,0.090,0.220,-10.18,-,-113.11,0.090,"8,819",30.84m
IBHD (4251),5.01,2.130,0.425,0.410,0.445,0.360,0.539,5.81,7.31,5.99,0.970,"1,616",430.26m
IBRACO (5084),3.87,2.750,0.710,0.595,0.750,0.150,0.758,6.07,11.70,8.73,0.695,126,352.45m
ICAP (5108),0.00,0.000,2.400,2.400,2.490,2.340,2.850,7.12,33.71,2.11,3.370,225,336.00m
ICON (5255),0.00,0.000,0.070,0.070,0.120,0.060,0.240,-37.37,-,-667.32,0.056,"50,256",82.40m
IDEAL (9687),0.00,0.000,1.230,1.200,1.370,0.550,1.860,46.13,2.67,35.11,1.314,"2,739",135.88m
IDMENSN (0174),0.00,0.000,0.025,0.020,0.030,0.020,0.120,-,-,-,0.150,"5,730",6.80m
IFCAMSC (0023),1.45,0.500,0.345,0.205,0.350,0.185,0.355,1.99,17.34,14.21,0.140,"23,821",209.86m
IGBB (5606),0.80,2.000,2.500,2.480,2.500,2.200,3.080,34.17,7.32,6.85,4.988,"1,555",1.724b
IGBREIT (5227),5.19,9.190,1.770,1.737,1.800,1.368,1.800,9.43,18.77,8.85,1.066,"16,985",6.265b
IHH (5225),0.52,3.000,5.790,5.300,5.880,4.540,6.390,7.16,80.87,2.85,2.510,"58,395",50.774b
IHS046000824 (0401GA),0,0,96.000,96.000,96.000,92.200,98.000,-,-,-,-,0,-
IJM (3336),3.28,6.000,1.830,1.760,2.000,1.370,2.930,5.21,35.12,2.03,2.570,"46,738",6.653b
IJMPLNT (2216),2.91,5.000,1.720,1.630,1.820,1.300,2.610,-4.52,-,-2.99,1.510,691,1.515b
IKHMAS (5268),0.00,0.000,0.130,0.105,0.190,0.090,0.495,-4.94,-,-14.97,0.330,"21,232",70.90m
ILB (5614),0.00,0.000,0.450,0.430,0.450,0.430,0.790,-50.40,-,-49.80,1.012,283,87.76m
IMASPRO (7222),1.57,3.500,2.230,2.060,2.250,1.705,2.315,1.38,161.59,0.83,1.660,"5,422",178.40m
INARI (0166),5.28,8.400,1.590,1.500,1.720,1.220,2.524,7.18,22.14,20.51,0.350,"122,628",5.036b
INCKEN (2607),1.70,1.090,0.640,0.615,0.640,0.610,0.710,-3.29,-,-1.99,1.650,"1,505",269.28m
INIX (0094),0.00,0.000,0.080,0.080,0.120,0.055,0.120,-7.08,-,-83.29,0.085,"31,123",20.73m
INNITY (0147),0.00,0.000,0.615,0.570,0.630,0.530,0.880,1.04,59.13,4.19,0.248,29,85.36m
INNO (6262),6.99,5.000,0.715,0.685,0.795,0.605,0.930,2.13,33.57,1.63,1.310,323,342.38m
INSAS (3379),2.55,2.000,0.785,0.765,0.900,0.645,0.905,7.24,10.84,2.85,2.540,"4,336",544.27m
INTA (0192),0.00,0.000,0.270,0.270,0.295,0.250,0.375,3.96,6.82,17.84,0.222,"8,860",144.52m
IOICORP (1961),4.54,20.500,4.520,4.460,4.740,4.100,4.765,38.89,11.62,26.64,1.460,"30,927",28.406b
IOIPG (5249),3.25,5.000,1.540,1.510,1.690,1.210,1.870,13.77,11.18,4.10,3.360,"16,125",8.479b
IPMUDA (5673),0.00,0.000,0.510,0.470,0.520,0.430,0.900,-,-,-,1.650,67,36.96m
IQGROUP (5107),8.20,10.000,1.220,1.210,1.270,1.080,2.070,-1.35,-,-0.84,1.610,533,107.39m
IREKA (8834),3.77,2.000,0.530,0.510,0.630,0.440,0.675,-6.27,-,-8.04,0.780,187,98.96m
IRETEX (7183),0.00,0.000,0.125,0.120,0.135,0.100,0.290,-,-,-,0.260,"22,998",18.28m
IRIS (0010),0.00,0.000,0.130,0.125,0.145,0.115,0.200,-1.64,-,-18.02,0.091,"157,561",385.62m
ITRONIC (9393),0.00,0.000,0.095,0.090,0.105,0.070,0.195,-2.44,-,-17.43,0.140,"1,192",9.76m
IVORY (5175),11.90,2.500,0.210,0.210,0.235,0.195,0.350,-3.61,-,-4.20,0.860,"1,827",102.92m
IWCITY (1589),0.00,0.000,0.600,0.425,0.670,0.365,1.440,-,-,-,0.970,"62,327",502.43m
JADI (7223),0.00,0.000,0.035,0.030,0.045,0.030,0.060,-0.72,-,-5.54,0.130,"8,300",32.96m
JAG (0024),4.44,0.200,0.045,0.045,0.085,0.035,0.089,0.12,37.50,1.18,0.102,"44,482",68.21m
JAKS (4723),0.00,0.000,0.605,0.515,0.655,0.405,1.710,2.59,23.36,1.73,1.500,"78,834",353.72m
JASKITA (8648),0.00,0.000,0.110,0.110,0.115,0.110,0.150,-1.26,-,-7.41,0.170,"1,482",49.45m
JAYCORP (7152),6.06,5.000,0.825,0.810,0.870,0.700,1.250,7.88,10.47,6.74,1.170,638,113.23m
JCBNEXT (0058),2.92,4.500,1.540,1.460,1.580,1.340,1.755,7.28,21.15,3.06,2.380,285,212.19m
JCY (5161),18.29,3.750,0.205,0.190,0.230,0.155,0.400,-5.10,-,-11.09,0.460,"12,885",425.76m
JERASIA (8931),2.70,1.000,0.370,0.345,0.370,0.330,0.490,11.94,3.10,6.35,1.880,529,30.36m
JETSON (9083),0.00,0.000,0.180,0.170,0.195,0.165,0.255,-4.42,-,-9.93,0.445,"1,093",38.08m
JFTECH (0146),2.58,2.000,0.775,0.710,0.840,0.590,1.030,0.45,172.22,2.94,0.153,"1,041",162.75m
JHM (0127),1.26,1.500,1.190,0.885,1.240,0.685,1.515,6.33,18.80,19.18,0.330,"18,673",663.54m
JIANKUN (8923),0.00,0.000,0.325,0.285,0.325,0.250,0.390,0.49,66.33,1.63,0.300,344,54.22m
JKGLAND (6769),1.25,0.100,0.080,0.075,0.080,0.070,0.099,0.19,42.11,0.95,0.200,"8,911",181.99m
JMEDU (03003),2.50,1.400,0.560,0.535,0.560,0.515,0.560,-,-,-,0.193,2,37.97m
JMR (7043),3.12,3.000,0.960,0.960,1.010,0.950,1.080,-0.92,-,-1.21,0.760,168,121.71m
JOHAN (3441),0.00,0.000,0.090,0.085,0.110,0.070,0.320,-18.54,-,-121.18,0.153,"6,591",56.07m
JOHOTIN (7167),2.84,4.000,1.410,1.170,1.480,0.820,1.480,12.58,11.21,12.33,1.020,"4,962",437.76m
JTIASA (4383),0.95,0.500,0.525,0.505,0.655,0.430,1.055,-13.38,-,-9.63,1.390,"6,688",511.20m
K1 (0111),0.00,0.000,0.235,0.225,0.265,0.108,0.292,0.77,30.52,5.20,0.148,"42,000",171.30m
KAB (0193),4.26,1.000,0.235,0.205,0.240,0.185,0.305,2.69,8.74,17.93,0.150,"17,062",75.20m
KAMDAR (8672),0.00,0.000,0.290,0.290,0.305,0.280,0.400,-,-,-,1.120,78,57.42m
KANGER (0170),0.00,0.000,0.045,0.035,0.050,0.035,0.140,-0.19,-,-1.35,0.141,"13,211",40.22m
KAREX (5247),1.25,0.500,0.400,0.375,0.470,0.375,0.935,0.61,65.57,1.24,0.490,"28,828",400.95m
KARYON (0054),2.22,0.300,0.135,0.130,0.155,0.125,0.235,1.58,8.54,7.52,0.210,"10,898",64.22m
KAWAN (7216),1.40,2.500,1.790,1.620,1.820,1.620,2.715,6.52,27.45,7.24,0.900,873,643.54m
KBUNAI (3115),0.00,0.000,0.085,0.085,0.110,0.070,0.125,0.35,24.29,2.32,0.151,"20,856",491.01m
KEINHIN (7199),1.59,1.000,0.630,0.530,0.630,0.445,0.630,1.61,39.13,1.58,1.020,74,68.61m
KEN (7323),3.57,2.500,0.700,0.680,0.780,0.555,0.940,12.55,5.58,7.05,1.780,153,134.20m
KENANGA (6483),5.36,3.000,0.560,0.550,0.585,0.530,0.780,1.65,33.94,1.36,1.210,"2,063",404.74m
KERJAYA (7161),4.84,6.000,1.240,1.220,1.380,0.990,1.740,11.14,11.13,14.10,0.790,"4,526",1.540b
KESM (9334),1.93,18.500,9.600,8.760,10.000,7.350,20.615,71.15,13.49,8.50,8.368,770,412.94m
KEYASIC (0143),0.00,0.000,0.110,0.095,0.125,0.095,0.245,0.44,25.00,11.89,0.037,"81,291",104.56m
KFIMA (6491),5.52,9.000,1.630,1.550,1.660,1.350,1.670,21.14,7.71,7.55,2.800,375,460.04m
KFM (8303),0.00,0.000,0.140,0.130,0.170,0.080,0.170,-3.01,-,-,-0.390,121,9.55m
KGB (0151),1.18,1.500,1.270,1.150,1.340,0.575,1.340,6.49,19.57,14.62,0.444,"17,642",361.08m
KGROUP (0036),0.00,0.000,0.045,0.040,0.050,0.040,0.105,-1.23,-,-7.78,0.158,"23,401",23.43m
KHEESAN (6203),1.67,1.000,0.600,0.575,0.600,0.540,0.685,-,-,-,1.300,572,62.40m
KHIND (7062),0.59,1.000,1.700,1.690,1.720,1.400,1.960,3.94,43.15,1.21,3.250,45,68.10m
KIALIM (6211),0.00,0.000,0.220,0.215,0.250,0.200,0.400,-9.88,-,-10.31,0.958,94,13.63m
KIANJOO (3522),1.32,4.000,3.040,2.790,3.050,2.000,3.050,3.86,78.76,1.18,3.280,961,1.350b
KIMHIN (5371),4.00,5.000,1.250,1.180,1.260,1.090,1.520,-38.02,-,-11.99,3.170,67,194.52m
KIMLUN (5171),4.40,5.500,1.250,1.140,1.300,1.000,2.145,18.42,6.79,9.20,2.003,"1,485",414.86m
KINSTEL (5060),0.00,0.000,0.005,0.005,0.005,0.005,0.005,-7.37,-,-,-0.515,0,5.25m
KIPREIT (5280),8.23,6.830,0.830,0.785,0.840,0.620,0.850,7.20,11.53,7.19,1.001,"2,152",419.40m
KKB (9466),1.63,2.000,1.230,0.900,1.270,0.780,1.270,6.84,17.98,5.90,1.160,933,317.08m
KLCC (5235SS),4.77,37.000,7.750,7.691,7.960,6.401,7.960,40.15,19.30,5.54,7.250,"4,102",13.991b
KLK (2445),1.82,45.000,24.760,24.020,25.480,22.810,25.530,64.04,38.66,6.33,10.110,"8,919",26.431b
KLUANG (2453),0.28,1.000,3.520,3.510,3.700,3.496,4.385,-12.18,-,-1.18,10.356,49,222.37m
KMLOONG (5027),14.29,18.000,1.260,1.230,1.310,1.130,1.460,7.30,17.26,9.36,0.780,939,1.179b
KNM (7164),0.00,0.000,0.095,0.085,0.120,0.070,0.230,-32.70,-,-51.09,0.640,"88,884",225.10m
KNUSFOR (5035),0.00,0.000,0.370,0.350,0.470,0.350,0.890,-29.30,-,-13.77,2.128,16,36.87m
KOBAY (6971),0.00,0.000,1.530,1.310,1.560,0.890,1.700,15.44,9.91,9.41,1.640,"1,666",156.20m
KOMARK (7017),0.00,0.000,0.165,0.155,0.225,0.120,0.245,-14.01,-,-41.21,0.340,"7,651",27.13m
KOSSAN (7153),2.86,11.000,3.850,3.730,4.200,3.130,4.690,15.92,24.18,15.76,1.010,"13,131",4.924b
KOTRA (0002),2.86,5.000,1.750,1.660,1.800,1.570,1.870,13.74,12.74,11.95,1.150,56,251.51m
KPJ (5878),1.98,2.000,1.010,1.000,1.100,0.825,1.160,4.05,24.94,9.00,0.450,"51,932",4.474b
KPOWER (7130),0.00,0.000,0.480,0.370,0.480,0.330,0.730,-5.46,-,-18.20,0.300,273,36.55m
KPS (5843),3.22,4.250,1.320,1.270,1.460,1.040,2.060,-38.26,-,-18.13,2.110,"8,608",709.35m
KPSCB (9121),0.00,0.000,0.515,0.485,0.565,0.470,0.880,-,-,-,1.800,"6,556",76.13m
KRETAM (1996),2.47,1.000,0.405,0.380,0.410,0.365,0.860,-1.26,-,-0.04,28.700,"21,126",942.69m
KRONO (0176),0.00,0.000,0.625,0.595,0.685,0.430,0.810,4.10,15.24,10.00,0.410,"43,806",249.26m
KSENG (3476),2.13,10.000,4.700,4.400,5.000,3.660,5.000,11.17,42.08,1.78,6.260,341,1.699b
KSL (5038),0.00,0.000,0.835,0.825,0.880,0.675,1.040,21.60,3.87,7.80,2.770,"3,774",866.32m
KSSC (5192),3.60,2.000,0.555,0.300,0.580,0.285,0.740,0.94,59.04,1.13,0.830,"2,858",53.28m
KSTAR (5172),0.00,0.000,0.080,0.080,0.095,0.075,0.145,-10.63,-,-143.65,0.074,"28,241",30.48m
KTB (4847),0.00,0.000,0.070,0.060,0.075,0.050,0.160,-10.36,-,-79.69,0.130,"6,271",28.20m
KTC (0180),0.00,0.000,0.185,0.150,0.195,0.125,0.205,-0.75,-,-3.57,0.210,"7,289",94.40m
KUB (6874),2.53,1.000,0.395,0.365,0.470,0.225,0.535,0.21,188.10,0.37,0.570,"24,769",219.80m
KUCHAI (2186),3.11,5.000,1.610,1.610,1.750,1.570,2.640,13.02,12.37,3.37,3.863,549,199.23m
KWANTAS (6572),0.00,0.000,0.830,0.830,0.910,0.800,1.550,-42.69,-,-11.23,3.800,75,258.69m
KYM (8362),0.00,0.000,0.335,0.265,0.355,0.250,0.520,-1.51,-,-2.56,0.590,217,50.21m
L&G (3174),10.00,1.500,0.150,0.145,0.160,0.130,0.190,1.08,13.89,2.98,0.362,"20,571",445.97m
LAFMSIA (3794),0.00,0.000,1.900,1.800,2.000,1.800,5.300,-37.58,-,-12.57,2.990,"5,467",1.614b
LAMBO (0018),0.00,0.000,0.135,0.125,0.150,0.115,0.250,0.80,16.88,13.11,0.061,"16,059",283.79m
LANDMRK (1643),0.00,0.000,0.470,0.460,0.515,0.450,0.800,-7.07,-,-2.20,3.210,"1,081",248.58m
LATITUD (7006),1.52,6.000,3.950,3.720,3.990,2.940,4.100,19.59,20.16,3.29,5.950,275,383.97m
LAYHONG (9385),1.22,0.500,0.410,0.395,0.500,0.325,0.990,0.92,44.57,1.88,0.490,"64,634",270.72m
LBALUM (9326),2.00,1.000,0.500,0.470,0.540,0.440,0.670,2.55,19.61,2.14,1.190,"1,647",124.24m
LBICAP (8494),3.92,3.000,0.765,0.665,0.780,0.630,1.219,3.94,19.42,2.35,1.680,271,62.85m
LBS (5789),12.06,8.200,0.680,0.665,0.705,0.600,1.018,5.46,12.45,6.28,0.870,"8,016",1.060b
LCTITAN (5284),5.30,23.000,4.340,4.230,4.640,4.110,6.230,34.07,12.74,6.46,5.270,"14,170",10.016b
LEBTECH (9628),0.00,0.000,0.860,0.800,0.905,0.750,1.220,-0.52,-,-0.55,0.952,0,117.38m
LEESK (8079),1.61,1.500,0.930,0.920,1.010,0.510,1.090,6.11,15.22,19.09,0.320,"10,115",156.07m
LEONFB (5232),3.06,1.500,0.490,0.485,0.520,0.400,0.895,8.42,5.82,7.45,1.130,"2,212",151.90m
LEWEKO (8745),0.00,0.000,0.155,0.135,0.170,0.100,0.300,-1.02,-,-3.78,0.270,756,49.89m
LFECORP (7170),0.00,0.000,0.110,0.095,0.135,0.085,0.225,-,-,-,0.180,330,20.44m
LIENHOE (3573),0.00,0.000,0.280,0.270,0.290,0.270,0.480,-9.82,-,-6.96,1.410,"2,325",101.29m
LIIHEN (7089),8.24,23.000,2.790,2.750,2.940,2.125,3.275,32.10,8.69,18.66,1.720,"2,607",502.20m
LIONFIB (8486),0.00,0.000,0.480,0.410,0.505,0.405,0.775,2.52,19.05,1.07,2.350,234,111.15m
LIONIND (4235),0.00,0.000,0.515,0.495,0.590,0.450,1.330,9.00,5.72,3.35,2.690,"60,136",369.72m
LITRAK (6645),5.84,25.000,4.280,4.110,4.600,3.530,5.800,43.52,9.83,24.19,1.799,"1,886",2.260b
LKL (0182),3.18,0.350,0.110,0.105,0.125,0.105,0.210,-0.11,-,-0.79,0.140,"2,615",47.17m
LONBISC (7126),0.00,0.000,0.470,0.440,0.630,0.366,0.630,6.24,7.53,3.27,1.910,"30,500",120.55m
LPI (8621),4.17,68.000,16.320,15.980,16.500,15.210,16.820,78.83,20.70,14.56,5.414,797,6.502b
LSTEEL (9881),0.00,0.000,0.265,0.250,0.330,0.250,0.510,3.81,6.96,3.40,1.120,834,33.93m
LTKM (7085),1.48,2.000,1.350,1.220,1.400,0.780,1.400,12.50,10.80,6.72,1.860,263,175.64m
LUSTER (5068),0.00,0.000,0.080,0.075,0.090,0.075,0.115,0.64,12.50,8.00,0.080,"14,860",158.08m
LUXCHEM (5143),4.02,2.250,0.560,0.535,0.565,0.500,0.715,4.39,12.76,13.30,0.330,"4,164",484.03m
LYC (0075),0.00,0.000,0.330,0.325,0.420,0.310,0.545,-1.89,-,-23.62,0.080,"5,495",107.21m
LYSAGHT (9199),2.60,7.000,2.690,2.550,2.800,2.250,3.710,22.37,12.03,6.28,3.560,64,111.85m
M&G (5078),214.29,15.000,0.070,0.070,0.090,0.055,0.195,-,-,-,0.178,"5,336",50.67m
M3TECH (0017),0.00,0.000,0.045,0.040,0.055,0.040,0.130,-,-,-,0.059,"18,389",26.41m
MAA (1198),9.00,9.000,1.000,0.495,1.030,0.400,1.030,-10.04,-,-5.18,1.940,"1,472",273.52m
MAGNA (7617),0.00,0.000,0.885,0.870,0.940,0.840,1.250,-16.02,-,-10.14,1.580,144,296.40m
MAGNI (7087),4.40,20.000,4.550,4.270,4.700,3.830,5.370,59.30,7.67,19.57,3.030,"1,311",740.43m
MAGNUM (3859),6.10,15.000,2.460,2.070,2.460,1.640,2.460,7.29,33.74,4.37,1.670,"7,562",3.537b
MAHSING (8583),6.77,6.500,0.960,0.930,1.030,0.890,1.255,11.19,8.58,7.77,1.440,"18,132",2.331b
MALAKOF (5264),6.89,6.200,0.900,0.830,0.935,0.745,1.019,5.49,16.39,4.77,1.150,"37,480",4.500b
MALPAC (4936),11.63,10.000,0.860,0.840,0.860,0.760,1.010,-8.52,-,-3.84,2.220,8,64.50m
MALTON (6181),4.08,2.000,0.490,0.475,0.580,0.390,0.945,2.58,18.99,1.49,1.730,"31,318",258.79m
MANULFE (1058),3.09,8.000,2.590,2.310,2.600,2.300,3.120,12.97,19.97,3.20,4.050,115,524.14m
MARCO (3514),4.17,0.500,0.120,0.120,0.130,0.115,0.145,1.34,8.96,7.44,0.180,"4,391",126.52m
MASTEEL (5098),2.05,0.900,0.440,0.400,0.520,0.340,1.111,1.57,28.03,1.01,1.550,"51,675",187.99m
MASTER (7029),2.34,1.500,0.640,0.605,0.690,0.530,0.730,10.54,6.07,6.31,1.670,"1,001",34.96m
MATANG (0189),2.67,0.200,0.075,0.070,0.075,0.063,0.093,0.15,50.00,1.50,0.100,"14,493",135.75m
MATRIX (5236),6.85,13.500,1.970,1.940,2.020,1.741,2.096,25.98,7.58,15.28,1.700,"4,850",1.483b
MAXIS (6012),3.71,20.000,5.390,5.260,5.740,5.050,5.790,22.77,23.67,25.02,0.910,"20,030",42.132b
MAXWELL (5189),0.00,0.000,0.010,0.010,0.010,0.005,0.030,-33.71,-,-51.86,0.650,"8,018",4.00m
MAYBANK (1155),5.77,55.000,9.530,9.440,9.680,8.430,10.510,73.43,12.98,10.77,6.817,"127,564",105.303b
MAYBULK (5077),0.00,0.000,0.630,0.580,0.715,0.410,0.715,26.38,2.39,67.12,0.393,"5,822",630.00m
MBG (5886),3.75,3.000,0.800,0.800,0.810,0.800,1.050,1.21,66.12,0.66,1.830,12,48.64m
MBL (5152),2.83,3.000,1.060,1.010,1.100,0.905,1.240,12.61,8.41,10.17,1.240,673,109.18m
MBMR (5983),2.21,6.000,2.710,2.480,2.820,1.830,2.820,42.35,6.40,10.48,4.040,"2,205",1.059b
MBSB (1171),4.95,5.000,1.010,0.985,1.080,0.890,1.200,10.05,10.05,8.03,1.251,"50,075",6.453b
MBWORLD (7189),4.29,6.900,1.610,1.600,1.700,1.471,2.051,32.32,4.98,20.72,1.560,283,253.38m
MCEHLDG (7004),2.54,1.500,0.590,0.510,0.600,0.435,0.830,-8.32,-,-4.23,1.968,125,26.20m
MCLEAN (0167),0.00,0.000,0.110,0.100,0.115,0.100,0.170,-2.42,-,-16.13,0.150,192,19.67m
MCT (5182),0.00,0.000,0.660,0.605,0.660,0.600,0.910,-,-,-,0.605,326,961.62m
MEDAINC (5040),0.00,0.000,0.300,0.280,0.315,0.265,0.510,-4.78,-,-19.92,0.240,"3,322",147.77m
MEDIA (4502),0.00,0.000,0.475,0.390,0.500,0.250,0.600,5.29,8.98,7.26,0.729,"22,656",526.87m
MEDIAC (5090),8.23,1.810,0.220,0.210,0.265,0.183,0.491,-2.69,-,-5.93,0.454,"29,576",371.19m
MEGASUN (0081),0.00,0.000,0.160,0.160,0.195,0.135,0.260,0.49,32.65,1.63,0.300,782,35.72m
MELATI (5129),2.11,1.000,0.475,0.435,0.500,0.435,0.700,1.98,23.99,1.12,1.770,114,57.00m
MELEWAR (3778),0.00,0.000,0.125,0.110,0.140,0.090,0.240,-2.61,-,-3.48,0.750,"3,345",44.93m
MENANG (1694),0.00,0.000,0.365,0.350,0.430,0.340,0.545,2.39,15.27,3.62,0.660,"2,160",175.49m
MENTIGA (5223),0.00,0.000,0.510,0.435,0.510,0.435,0.715,3.42,14.91,1.78,1.920,31,35.70m
MERCURY (8192),4.65,4.000,0.860,0.860,0.940,0.860,1.790,3.35,25.67,1.83,1.828,71,34.56m
MERGE (5006),0.00,0.000,1.120,0.845,1.150,0.240,1.150,-13.11,-,-18.21,0.720,"5,557",75.04m
MESB (7234),0.00,0.000,0.270,0.240,0.295,0.185,0.405,-,-,-,1.060,920,22.11m
METFAPA (0826EA),0,0,1.040,1.020,1.050,0.940,1.075,-,-,-,-,93,-
METFSID (0825EA),0,0,0.842,0.820,0.845,0.795,0.859,-,-,-,-,23,-
METFUS50 (0827EA),0.00,0.000,1.030,0.995,1.050,0.900,1.100,-,-,-,0.000,20,13.40m
METROD (6149),3.53,6.000,1.700,1.600,1.750,1.540,1.750,7.58,22.43,2.15,3.520,9,204.00m
MFCB (3069),1.04,4.000,3.850,3.740,3.990,2.990,3.990,30.96,12.44,9.08,3.410,"1,205",1.607b
MFGROUP (03015),2.86,0.630,0.220,0.220,0.224,0.179,0.224,-,-,-,0.050,175,70.40m
MFLOUR (3662),10.66,6.500,0.610,0.515,0.625,0.452,1.510,1.87,32.62,1.26,1.490,"14,422",578.70m
MGB (7595),0.00,0.000,0.735,0.665,0.750,0.665,1.660,6.38,11.52,7.17,0.890,"3,473",365.21m
MGRC (0155),0.00,0.000,0.255,0.255,0.255,0.205,0.340,-4.30,-,-24.43,0.176,44,26.40m
MHB (5186),3.97,3.000,0.755,0.615,0.785,0.495,0.865,-7.67,-,-5.10,1.504,"6,355",1.208b
MHC (5026),3.28,2.000,0.610,0.600,0.660,0.560,0.825,2.17,28.11,1.72,1.260,142,119.89m
MHCARE (03005),1.04,0.500,0.480,0.450,0.480,0.255,0.500,-,-,-,0.079,66,96.31m
MI (5286),2.12,5.000,2.360,2.330,2.800,1.340,3.350,8.86,26.64,13.42,0.660,"24,317",1.180b
MICROLN (0126),0.00,0.000,0.450,0.405,0.525,0.335,0.625,-31.70,-,-174.18,0.182,379,75.32m
MIECO (5001),3.77,1.000,0.265,0.265,0.320,0.240,0.610,-11.54,-,-17.75,0.650,"16,053",139.13m
MIKROMB (0112),3.77,1.000,0.265,0.225,0.270,0.190,0.375,0.87,30.46,6.35,0.137,"3,229",114.19m
MILUX (7935),0.00,0.000,0.720,0.680,0.720,0.600,0.860,-3.81,-,-4.88,0.780,17,39.18m
MINDA (5166),0.00,0.000,0.050,0.045,0.055,0.040,0.220,-1.38,-,-7.26,0.190,"12,462",62.00m
MINETEC (7219),0.00,0.000,0.045,0.045,0.055,0.045,0.120,-0.30,-,-3.33,0.090,"6,141",41.47m
MINHO (5576),2.50,0.750,0.300,0.265,0.305,0.244,0.424,3.48,8.62,3.16,1.100,"2,691",102.16m
MISC (3816),4.35,30.000,6.890,6.670,7.100,4.890,7.170,29.38,23.45,3.71,7.920,"18,636",30.756b
MITRA (9571),5.88,2.000,0.340,0.300,0.350,0.225,0.763,4.97,6.84,5.23,0.950,"11,576",304.69m
MJPERAK (8141),0.00,0.000,0.230,0.215,0.235,0.190,0.370,1.19,19.33,1.70,0.700,"1,140",59.12m
MKH (6114),2.80,3.500,1.250,1.200,1.280,1.110,1.525,13.43,9.31,4.94,2.720,"2,281",733.19m
MKLAND (8893),0.00,0.000,0.195,0.180,0.210,0.160,0.280,1.70,11.47,1.70,1.000,"7,096",235.42m
MLAB (0085),0.00,0.000,0.040,0.040,0.050,0.035,0.075,-0.76,-,-3.71,0.205,"20,928",26.82m
MMAG (0034),0.00,0.000,0.240,0.220,0.255,0.160,0.310,-3.36,-,-17.23,0.195,"25,244",163.78m
MMCCORP (2194),3.85,4.000,1.040,0.810,1.180,0.810,1.880,7.23,14.38,2.30,3.140,"10,324",3.167b
MMSV (0113),2.05,2.000,0.975,0.740,0.990,0.660,1.363,4.40,22.16,15.71,0.280,"3,959",198.66m
MNC (0103),0.00,0.000,0.040,0.040,0.050,0.040,0.085,-,-,-,0.079,"7,674",19.14m
MNRB (6459),0.00,0.000,1.040,1.030,1.290,0.845,2.055,8.46,12.29,3.01,2.810,"7,236",797.73m
MPAY (0156),0.00,0.000,0.125,0.110,0.145,0.100,0.210,-1.12,-,-8.62,0.130,"15,163",88.81m
MPCORP (6548),0.00,0.000,0.045,0.045,0.045,0.020,0.105,-0.43,-,-0.96,0.450,"1,023",12.94m
MPHBCAP (5237),0.00,0.000,1.080,1.010,1.190,1.010,1.520,1.74,62.07,0.92,1.900,"1,133",772.20m
MPI (3867),2.92,29.000,9.920,9.780,10.440,7.280,13.100,69.81,14.21,10.61,6.580,"1,918",2.082b
MQREIT (5123),7.41,8.080,1.090,1.060,1.110,0.914,1.122,6.82,15.98,5.49,1.242,"2,993",1.168b
MQTECH (0070),0.00,0.000,0.030,0.025,0.030,0.025,0.070,-0.88,-,-11.00,0.080,"21,783",17.93m
MRCB (1651),2.23,1.750,0.785,0.680,0.845,0.532,1.082,2.30,34.13,2.09,1.100,"212,367",3.454b
MSC (5916),4.79,4.000,0.835,0.765,0.880,0.666,0.917,8.57,9.74,9.85,0.870,"1,363",334.00m
MSM (5202),0.00,0.000,2.100,2.100,2.480,2.100,4.120,5.07,41.42,1.82,2.790,184,1.476b
MSNIAGA (5011),4.85,8.000,1.650,1.500,1.860,0.950,1.930,-14.37,-,-7.56,1.902,360,99.66m
MSPORTS (5150),0.00,0.000,0.010,0.005,0.010,0.005,0.040,-0.05,-,-,-0.004,"8,145",6.07m
MTDACPI (5924),0.00,0.000,0.155,0.135,0.175,0.115,0.280,-2.04,-,-4.86,0.420,433,35.90m
MTOUCHE (0092),0.00,0.000,0.060,0.060,0.080,0.060,0.165,0.04,150.00,0.24,0.166,"10,741",30.51m
MTRONIC (0043),0.00,0.000,0.110,0.095,0.110,0.060,0.180,-,-,-,0.200,"6,052",35.30m
MUDA (3883),1.85,3.500,1.890,1.840,2.210,1.500,2.915,25.42,7.44,7.59,3.350,"15,145",576.55m
MUDAJYA (5085),0.00,0.000,0.290,0.275,0.360,0.265,0.865,-65.45,-,-145.44,0.450,"2,731",175.57m
MUH (9539),0.00,0.000,0.420,0.410,0.460,0.390,0.610,-7.01,-,-5.99,1.170,60,23.70m
MUHIBAH (5703),2.33,7.000,3.000,2.780,3.020,2.440,3.200,29.94,10.02,12.85,2.330,"6,525",1.451b
MUIIND (3891),0.00,0.000,0.170,0.170,0.195,0.145,0.230,-1.41,-,-8.39,0.168,"16,153",498.54m
MUIPROP (3913),0.00,0.000,0.185,0.180,0.210,0.180,0.320,1.01,18.32,2.87,0.352,"16,574",141.35m
MULPHA (3905),0.00,0.000,2.450,1.730,2.480,1.620,2.500,73.74,3.32,7.24,10.190,802,783.07m
MYCRON (5087),0.00,0.000,0.265,0.225,0.290,0.225,0.530,0.84,31.55,0.61,1.380,"1,306",86.67m
MYEG (0138),1.67,1.700,1.020,0.970,1.070,0.655,3.025,-,-,-,0.163,"545,220",3.678b
MYETFDJ (0821EA),2.11,2.390,1.135,1.060,1.135,1.060,1.250,-,-,-,0.000,244,313.15m
MYETFID (0824EA),2.41,2.810,1.165,1.160,1.185,1.085,1.210,-,-,-,0.000,885,49.86m
MYKRIS (03010),3.33,1.000,0.300,0.270,0.300,0.190,0.300,-,-,-,0.120,135,90.00m
MYNEWS (5275),0.74,1.000,1.360,1.350,1.410,1.250,1.780,3.89,34.96,9.49,0.410,"3,340",927.73m
N2N (0108),4.49,4.000,0.890,0.885,1.000,0.620,1.278,2.19,40.64,4.98,0.440,"14,574",532.11m
NADIBHD (0206),0.00,0.000,0.260,0.235,0.285,0.235,0.400,-,-,-,0.620,"89,902",195.78m
NAIM (5073),0.00,0.000,0.940,0.465,1.040,0.430,1.070,12.59,7.47,2.67,4.710,"10,565",482.97m
NATWIDE (9806),0.00,0.000,0.320,0.250,0.320,0.200,0.520,-9.51,-,-0.21,45.000,104,39.44m
NESTLE (4707),1.84,275.000,149.400,147.500,150.600,118.800,158.900,280.98,53.17,100.71,2.790,"1,465",35.034b
NETX (0020),0.00,0.000,0.020,0.015,0.020,0.010,0.040,-0.60,-,-20.00,0.030,"89,934",56.01m
NEXGRAM (0096),0.00,0.000,0.020,0.015,0.025,0.010,0.070,-2.70,-,-0.35,7.750,"172,689",41.42m
NGGB (7241),0.00,0.000,0.470,0.435,0.520,0.330,0.640,0.29,162.07,1.04,0.280,"32,931",220.13m
NHFATT (7060),3.86,11.000,2.850,2.650,2.860,2.500,3.260,16.94,16.82,3.07,5.520,76,235.62m
NICE (7139),0.00,0.000,0.035,0.035,0.050,0.035,0.050,0.48,7.29,8.00,0.060,"4,958",24.59m
NIHSIN (7215),0.00,0.000,0.270,0.255,0.315,0.136,0.315,0.67,40.30,2.09,0.320,"28,888",86.81m
NOTION (0083),1.71,1.000,0.585,0.560,0.685,0.505,0.780,21.45,2.73,17.77,1.207,"26,169",194.91m
NOVA (0201),3.60,1.800,0.500,0.440,0.550,0.280,0.802,2.43,20.58,11.05,0.220,"14,950",158.87m
NOVAMSC (0026),0.00,0.000,0.125,0.110,0.150,0.080,0.205,0.82,15.24,10.25,0.080,"146,890",93.95m
NPC (5047),0.50,1.000,2.000,1.830,2.000,1.780,2.000,-37.06,-,-14.42,2.570,2,240.00m
NPS (03006),1.74,0.400,0.230,0.230,0.230,0.196,0.256,-,-,-,0.070,30,34.27m
NSOP (2038),2.42,8.000,3.300,3.200,3.300,3.110,3.870,24.01,13.74,3.07,7.820,20,231.67m
NTPM (5066),4.80,2.400,0.500,0.495,0.515,0.476,0.639,1.91,26.18,4.66,0.410,"4,313",561.60m
NWP (5025),0.00,0.000,0.065,0.065,0.075,0.065,0.355,-4.62,-,-49.68,0.093,"52,265",25.50m
NYLEX (4944),3.03,2.000,0.660,0.635,0.700,0.560,0.805,7.06,9.35,3.80,1.860,985,128.26m
OCB (5533),0.00,0.000,0.390,0.300,0.390,0.300,0.580,-4.85,-,-2.35,2.060,91,40.11m
OCK (0172),1.75,1.000,0.570,0.535,0.615,0.400,0.820,2.76,20.65,5.63,0.490,"21,678",496.74m
OCNCASH (0049),2.53,1.000,0.395,0.395,0.490,0.379,0.613,2.48,15.93,6.58,0.377,"1,682",96.89m
OCR (7071),0.00,0.000,0.245,0.220,0.275,0.220,0.502,-,-,-,0.320,"5,756",78.86m
OFI (7107),1.96,1.500,0.765,0.665,0.830,0.635,1.030,4.66,16.42,5.75,0.810,956,183.60m
OIB (5827),3.41,7.000,2.050,2.020,2.050,1.880,2.280,35.33,5.80,13.13,2.690,33,317.46m
OKA (7140),8.73,5.500,0.630,0.585,0.660,0.555,0.951,6.48,9.72,8.64,0.750,"1,535",154.60m
OLYMPIA (3018),0.00,0.000,0.110,0.100,0.110,0.090,0.135,0.99,11.11,2.54,0.390,"10,431",112.58m
OMESTI (9008),0.00,0.000,0.370,0.360,0.395,0.335,0.520,-25.84,-,-76.68,0.337,"3,532",176.71m
OPCOM (0035),1.92,1.250,0.650,0.600,0.745,0.312,1.158,4.24,15.33,7.67,0.553,"48,412",104.81m
OPENSYS (0040),3.79,1.250,0.330,0.300,0.360,0.253,0.372,3.40,9.71,17.89,0.190,"8,428",98.30m
ORIENT (4006),5.87,40.000,6.820,6.430,6.880,5.720,6.880,80.74,8.45,7.64,10.571,"1,410",4.231b
ORION (0079),0.00,0.000,0.175,0.140,0.185,0.040,0.185,-,-,-,0.149,"90,878",104.82m
ORNA (5065),5.00,5.000,1.000,0.980,1.060,0.880,1.755,12.49,8.01,5.73,2.180,"3,637",75.25m
OSK (5053),6.12,6.000,0.980,0.905,1.000,0.835,1.030,16.52,5.93,7.48,2.210,"3,467",2.053b
OSKVI (0053),10.53,5.000,0.475,0.465,0.520,0.455,0.630,-15.02,-,-16.88,0.890,299,93.86m
OVERSEA (0153),0.00,0.000,0.130,0.120,0.130,0.110,0.200,-1.90,-,-7.92,0.240,201,32.03m
OWG (5260),0.00,0.000,0.635,0.545,0.740,0.460,1.181,4.98,12.75,5.19,0.960,"8,315",175.96m
P&O (6009),6.19,6.250,1.010,0.995,1.030,0.970,1.124,-3.39,-,-3.00,1.130,350,289.82m
PA (7225),0.00,0.000,0.055,0.050,0.065,0.045,0.085,-0.34,-,-0.06,5.970,"35,026",102.87m
PADINI (7052),3.03,11.500,3.790,3.320,3.920,3.150,6.150,25.57,14.82,24.35,1.050,"10,484",2.493b
PANAMY (3719),6.51,248.000,38.100,37.600,39.000,31.020,39.420,178.52,21.34,13.17,13.560,293,2.314b
PANPAGE (0041),0.00,0.000,0.230,0.220,0.250,0.190,0.315,-,-,-,0.083,"21,795",61.06m
PANSAR (8419),1.80,1.500,0.835,0.825,0.885,0.700,1.226,2.07,40.34,3.51,0.590,"17,156",257.18m
PANTECH (5125),4.42,2.500,0.565,0.445,0.610,0.410,0.640,6.34,8.91,8.13,0.780,"8,395",422.54m
PAOS (5022),2.42,0.800,0.330,0.300,0.385,0.300,0.427,0.68,48.53,1.26,0.540,114,59.78m
PARAGON (9407),0.00,0.000,0.270,0.255,0.300,0.230,0.380,-0.12,-,-0.20,0.610,94,18.90m
PARAMON (1724),7.44,16.000,2.150,2.080,2.200,1.685,2.260,22.16,9.70,8.83,2.510,"1,902",920.78m
PARKSON (5657),0.00,0.000,0.240,0.225,0.260,0.225,0.650,-11.63,-,-5.96,1.950,"10,733",262.54m
PARLO (0022),0.00,0.000,0.080,0.070,0.085,0.070,0.180,-3.29,-,-65.80,0.050,"3,356",29.12m
PASDEC (6912),0.00,0.000,0.395,0.370,0.460,0.300,0.571,-4.69,-,-5.45,0.860,"4,025",158.15m
PASUKGB (0177),0.00,0.000,0.055,0.055,0.070,0.050,0.165,-0.97,-,-9.70,0.100,"8,618",44.64m
PAVREIT (5212),5.08,8.740,1.720,1.680,1.760,1.233,1.760,9.50,18.11,7.50,1.266,"9,085",5.227b
PBA (5041),3.51,4.000,1.140,1.080,1.270,1.020,1.282,-30.09,-,-14.33,2.100,998,377.65m
PBBANK (1295),2.76,69.000,25.020,24.680,25.100,22.020,26.160,144.01,17.37,13.65,10.554,"52,676",97.131b
PCCS (6068),3.39,1.000,0.295,0.200,0.300,0.185,0.315,6.57,4.49,10.38,0.633,"4,679",61.96m
PCHEM (5183),3.45,32.000,9.270,8.370,9.430,7.720,10.200,62.24,14.89,16.34,3.810,"78,206",74.160b
PDZ (6254),0.00,0.000,0.035,0.030,0.040,0.025,0.075,-1.76,-,-22.00,0.080,"24,906",23.87m
PEB (5622),0.00,0.000,0.825,0.800,0.845,0.350,0.845,199.21,0.41,189.72,1.050,834,57.03m
PECCA (5271),5.21,5.000,0.960,0.850,0.975,0.665,1.320,7.33,13.10,8.25,0.888,"7,815",180.48m
PELIKAN (5231),0.00,0.000,0.370,0.340,0.500,0.290,0.880,1.24,29.84,1.57,0.790,968,204.72m
PENERGY (5133),0.00,0.000,0.905,0.380,0.930,0.315,0.930,-6.52,-,-6.33,1.030,"1,822",291.18m
PENSONI (9997),5.13,2.000,0.390,0.365,0.410,0.350,0.640,-4.25,-,-4.78,0.890,269,50.57m
PENTA (7160),0.00,0.000,3.380,3.080,3.460,1.700,3.870,18.04,18.74,16.04,1.125,"17,192",1.070b
PERDANA (7108),0.00,0.000,0.295,0.225,0.345,0.175,0.360,-5.26,-,-8.92,0.590,"51,965",229.65m
PERISAI (0047),0.00,0.000,0.005,0.005,0.005,0.005,0.065,-39.63,-,-,-0.330,"43,632",6.30m
PERMAJU (7080),0.00,0.000,0.405,0.355,0.420,0.195,0.450,-2.06,-,-2.99,0.690,"83,882",79.35m
PERSTIM (5436),6.19,30.000,4.850,4.830,4.960,3.200,5.300,47.72,10.16,12.11,3.940,146,481.63m
PESONA (8311),4.88,1.000,0.205,0.190,0.265,0.170,0.380,1.19,17.23,4.61,0.258,"40,207",142.46m
PESTECH (5219),0.00,0.000,1.160,1.140,1.290,0.950,1.790,6.77,17.13,10.29,0.658,"3,878",886.58m
PETDAG (5681),3.63,97.000,26.700,25.800,28.480,22.680,28.480,85.55,31.21,14.40,5.940,"6,902",26.525b
PETGAS (6033),4.05,72.000,17.780,17.440,18.260,16.320,19.780,91.49,19.43,13.96,6.556,"9,269",35.182b
PETRONM (3042),3.78,25.000,6.610,6.420,7.500,6.010,10.730,83.16,7.95,13.45,6.181,"2,248",1.785b
PGLOBE (3611),0.00,0.000,1.070,1.000,1.100,1.000,1.400,-1.96,-,-1.52,1.290,20,199.72m
PHARMA (7081),6.81,16.000,2.350,2.280,2.780,2.280,4.160,16.30,14.42,8.32,1.960,671,612.19m
PHB (4464),0.00,0.000,0.020,0.015,0.025,0.015,0.045,-1.27,-,-23.52,0.054,"21,848",35.98m
PICORP (7201),1.15,0.150,0.130,0.115,0.140,0.090,0.219,0.21,61.90,1.75,0.120,"13,270",85.54m
PIE (7095),3.68,6.000,1.630,1.560,1.680,1.180,1.770,11.23,14.51,10.03,1.120,"6,602",625.99m
PINEAPP (0006),0.00,0.000,0.300,0.265,0.300,0.240,0.730,0.05,600.00,0.09,0.540,182,14.55m
PINEPAC (1902),0.00,0.000,0.320,0.280,0.350,0.140,0.690,-20.49,-,-40.18,0.510,"9,594",47.94m
PJBUMI (7163),0.00,0.000,0.285,0.105,0.300,0.100,0.300,1.19,23.95,4.41,0.270,69,23.37m
PLABS (0171),1.94,0.600,0.310,0.280,0.345,0.235,0.345,1.81,17.13,8.04,0.225,"3,087",66.57m
PLB (7055),0.00,0.000,1.230,1.100,1.410,1.100,1.800,-4.41,-,-3.27,1.350,200,138.25m
PLENITU (5075),3.04,4.500,1.480,1.440,1.510,1.305,1.605,12.69,11.66,3.13,4.060,343,564.67m
PLS (9695),0.00,0.000,1.000,0.750,1.020,0.650,1.120,-3.29,-,-5.84,0.563,84,326.70m
PMBTECH (7172),1.25,4.000,3.190,3.090,3.300,1.756,4.280,5.77,55.29,2.53,2.280,"1,274",515.55m
PMCORP (4081),0.00,0.000,0.140,0.140,0.160,0.140,0.180,0.43,32.56,1.02,0.420,"1,623",108.27m
PMETAL (8869),1.43,6.000,4.200,4.010,4.360,3.750,5.685,15.68,26.79,19.12,0.820,"36,877",16.871b
PMHLDG (1287),0.00,0.000,0.055,0.050,0.075,0.050,0.210,-0.17,-,-3.27,0.052,"32,753",51.09m
PNEPCB (6637),0.00,0.000,0.500,0.480,0.550,0.460,0.570,-,-,-,0.510,833,65.75m
POHKONG (5080),2.04,1.000,0.490,0.480,0.520,0.430,0.590,5.17,9.48,4.04,1.280,922,201.07m
POHUAT (7088),5.10,8.000,1.570,1.490,1.610,1.080,1.610,20.21,7.77,14.00,1.444,"2,301",366.18m
POLY (8117),0.00,0.000,0.440,0.380,0.480,0.260,0.590,3.66,12.02,3.48,1.053,372,70.39m
POLYMER (03007),1.18,0.200,0.170,0.170,0.170,0.148,0.170,-,-,-,0.045,4,78.69m
POS (4634),4.23,8.000,1.890,1.880,2.260,1.550,4.390,0.56,337.50,0.24,2.370,"11,781",1.479b
PPB (4065),1.62,30.000,18.500,18.000,19.000,14.356,19.000,75.57,24.48,5.11,14.790,"9,628",26.318b
PPG (7190),1.20,0.500,0.415,0.360,0.430,0.330,0.520,0.86,48.26,0.82,1.043,88,41.52m
PPHB (8273),0.00,0.000,0.555,0.490,0.585,0.390,0.700,10.08,5.51,8.54,1.180,"1,202",104.69m
PRESBHD (5204),6.96,2.750,0.395,0.330,0.490,0.255,1.703,-,-,-,0.328,"127,083",191.18m
PRESTAR (9873),1.75,1.000,0.570,0.560,0.650,0.490,0.980,6.16,9.25,4.28,1.440,"1,207",116.75m
PRG (7168),0.00,0.000,0.750,0.735,0.765,0.700,0.920,-2.87,-,-6.74,0.426,"1,097",239.60m
PRIVA (0123),0.00,0.000,0.070,0.055,0.090,0.045,0.150,-0.74,-,-6.17,0.120,"14,595",39.07m
PRKCORP (8346),0.00,0.000,0.395,0.395,0.440,0.295,1.000,-95.88,-,-70.14,1.367,148,39.50m
PRLEXUS (8966),0.88,0.500,0.565,0.555,0.600,0.495,0.845,3.96,14.27,3.05,1.300,"1,869",101.90m
PRTASCO (5070),22.45,5.500,0.245,0.215,0.285,0.190,0.837,-9.80,-,-14.54,0.674,"18,719",121.37m
PSIPTEK (7145),0.00,0.000,0.130,0.120,0.140,0.095,0.165,-,-,-,0.560,"14,172",45.32m
PTARAS (9598),8.85,20.000,2.260,2.250,2.330,2.160,3.300,8.73,25.89,4.85,1.800,267,374.85m
PTB (0038),0.00,0.000,0.140,0.125,0.160,0.120,0.285,-2.72,-,-0.16,16.620,317,26.10m
PTRANS (0186),4.04,0.950,0.235,0.230,0.250,0.214,0.308,2.51,9.36,11.78,0.213,"47,763",334.35m
PUC (0007),0.00,0.000,0.100,0.090,0.105,0.090,0.280,0.30,33.33,2.34,0.128,"194,534",215.79m
PUNCAK (6807),1.35,0.500,0.370,0.350,0.425,0.315,0.690,-37.76,-,-12.38,3.050,"6,762",166.24m
PWF (7134),3.37,3.000,0.890,0.740,0.920,0.685,0.920,7.93,11.22,4.51,1.760,558,154.81m
PWORTH (7123),0.00,0.000,0.045,0.040,0.055,0.035,0.101,-0.67,-,-6.09,0.110,"308,775",184.27m
PWROOT (7237),6.55,9.500,1.450,1.360,1.500,0.909,1.663,3.36,43.15,6.11,0.550,"5,858",583.34m
QES (0196),0.00,0.000,0.235,0.220,0.270,0.165,0.380,1.86,12.63,15.50,0.120,"108,851",178.20m
QL (7084),0.66,4.500,6.830,6.700,7.000,4.235,7.630,13.55,50.41,11.48,1.180,"18,895",11.081b
QUALITY (7544),0.00,0.000,0.815,0.710,0.830,0.705,0.960,-15.87,-,-8.10,1.960,8,47.24m
RALCO (7498),0.00,0.000,0.280,0.190,0.280,0.190,0.580,-21.76,-,-22.20,0.980,19,12.93m
RANHILL (5272),3.73,5.000,1.340,1.180,1.520,0.590,1.520,5.13,26.12,8.27,0.620,"16,468",1.190b
RAPID (7765),0.00,0.000,5.940,5.600,5.950,5.210,6.150,0.52,1142.31,0.40,1.310,"8,315",634.97m
RCECAP (9296),4.19,7.000,1.670,1.580,1.690,0.980,1.720,26.34,6.34,16.06,1.640,"3,801",601.23m
REACH (5256),0.00,0.000,0.295,0.275,0.350,0.210,0.520,-4.05,-,-5.26,0.770,"67,726",323.44m
REDIDEA (03002),0.00,0.000,0.280,0.280,0.280,0.280,0.440,-,-,-,0.040,26,28.00m
REDTONE (0032),0.00,0.000,0.215,0.190,0.225,0.150,0.330,1.18,18.22,6.15,0.192,"3,101",163.02m
RESINTC (7232),7.69,2.500,0.325,0.290,0.325,0.235,0.340,0.83,39.16,0.85,0.974,221,44.59m
REV (0173),220.00,44.000,0.200,0.200,0.240,0.160,0.435,-0.46,-,-9.20,0.050,"3,707",26.93m
REVENUE (0200),0.00,0.000,1.240,1.180,1.340,0.474,1.504,3.53,35.13,16.81,0.210,"82,039",276.33m
REX (9946),4.82,2.000,0.415,0.385,0.415,0.340,0.570,-6.90,-,-14.68,0.470,629,102.35m
REXIT (0106),5.00,3.000,0.600,0.590,0.635,0.525,0.710,4.02,14.93,22.33,0.180,294,113.60m
RGB (0037),3.26,0.700,0.215,0.210,0.250,0.180,0.265,2.28,9.43,15.20,0.150,"38,605",331.18m
RGTBHD (9954),0.00,0.000,0.190,0.180,0.245,0.080,0.250,0.63,30.16,6.18,0.102,"28,533",109.62m
RGTECH (0202),0.00,0.000,0.245,0.235,0.265,0.230,0.650,0.57,42.98,5.09,0.112,"52,922",128.67m
RHBBANK (1066),2.64,15.000,5.690,5.450,5.830,4.815,5.830,57.49,9.90,9.88,5.820,"24,465",22.817b
RHONEMA (5278),6.41,5.000,0.780,0.720,0.785,0.668,0.871,5.51,14.16,8.75,0.630,824,142.43m
ROHAS (9741),4.55,2.500,0.550,0.540,0.675,0.540,1.435,3.41,16.13,4.67,0.730,"1,043",259.96m
RSAWIT (5113),0.00,0.000,0.185,0.185,0.215,0.140,0.335,-10.14,-,-33.80,0.300,"2,842",262.42m
RSENA (5270),0.00,0.000,0.505,0.505,0.505,0.460,0.510,-,-,-,0.017,"14,038",505.00m
RUBEREX (7803),3.89,1.750,0.450,0.430,0.475,0.430,0.645,3.05,14.75,3.55,0.860,829,113.49m
RVIEW (2542),1.99,6.000,3.020,2.860,3.110,2.860,3.960,7.64,39.53,1.86,4.110,39,195.85m
SAB (5134),1.33,5.000,3.750,3.600,3.890,3.580,4.070,20.94,17.91,4.73,4.430,80,513.50m
SALCON (8567),4.08,1.000,0.245,0.225,0.255,0.220,0.357,0.25,98.00,0.45,0.550,"18,548",207.54m
SALUTE (0183),6.67,2.400,0.360,0.355,0.445,0.350,0.807,0.57,63.16,1.33,0.427,"11,246",139.68m
SAM (9822),2.88,23.360,8.100,7.310,8.200,5.666,8.480,56.96,14.22,14.61,3.900,428,1.095b
SAMCHEM (5147),4.76,3.000,0.630,0.610,0.720,0.610,1.140,7.85,8.03,14.81,0.530,"2,983",171.36m
SANBUMI (9113),0.00,0.000,0.325,0.320,0.380,0.115,0.445,-2.96,-,-8.46,0.350,"24,528",80.93m
SANICHI (0133),0.00,0.000,0.060,0.050,0.065,0.050,0.180,-1.83,-,-7.96,0.230,"69,042",66.53m
SAPIND (7811),5.59,4.000,0.715,0.690,0.760,0.680,0.875,9.33,7.66,6.43,1.450,63,52.03m
SAPNRG (5218),3.17,1.000,0.315,0.260,0.335,0.255,0.910,-16.14,-,-10.09,1.600,"1,307,590",5.033b
SAPRES (4596),0.00,0.000,0.650,0.610,0.695,0.600,1.120,8.00,8.12,2.44,3.280,229,90.74m
SASBADI (5252),4.55,1.000,0.220,0.210,0.255,0.200,0.530,0.46,47.83,1.24,0.370,"15,973",92.20m
SAUDEE (5157),0.00,0.000,0.300,0.290,0.335,0.280,0.475,-2.16,-,-4.60,0.470,367,39.72m
SBAGAN (2569),2.00,6.000,3.000,2.970,3.060,2.940,3.540,-11.27,-,-1.27,8.845,37,199.00m
SBCCORP (5207),0.00,0.000,0.510,0.475,0.525,0.400,0.630,3.78,13.49,2.21,1.710,579,131.65m
SCABLE (5170),0.00,0.000,0.250,0.230,0.300,0.205,0.680,-12.35,-,-0.16,76.000,879,79.26m
SCBUILD (0109),0.00,0.000,0.025,0.020,0.035,0.010,0.035,0.13,19.23,3.61,0.036,"4,686",22.08m
SCC (0158),6.67,3.400,0.510,0.505,0.560,0.436,0.560,4.98,10.24,16.60,0.300,310,71.99m
SCGM (7247),5.08,6.000,1.180,1.160,1.300,0.995,2.180,4.27,27.63,4.95,0.862,"3,487",228.45m
SCH (0161),0.00,0.000,0.135,0.130,0.150,0.090,0.210,-1.79,-,-11.85,0.151,"6,004",74.99m
SCIB (9237),0.00,0.000,0.470,0.425,0.530,0.300,0.810,-11.14,-,-19.54,0.570,976,40.36m
SCICOM (0099),6.98,9.000,1.290,1.170,1.380,0.900,2.090,6.52,19.79,23.29,0.280,"1,768",458.54m
SCIENTX (4731),2.28,20.000,8.760,8.630,8.880,6.310,9.380,52.70,16.62,14.13,3.730,"2,937",4.506b
SCNWOLF (7239),0.00,0.000,0.180,0.140,0.180,0.140,0.350,-6.44,-,-16.51,0.390,560,17.32m
SCOMI (7158),0.00,0.000,0.045,0.040,0.065,0.040,0.160,-21.34,-,-88.92,0.240,"41,495",49.23m
SCOMIES (7045),0.00,0.000,0.055,0.045,0.065,0.030,0.120,-6.16,-,-29.33,0.210,"17,275",128.80m
SCOMNET (0001),0.00,0.000,0.750,0.655,0.920,0.280,0.920,1.89,39.68,9.00,0.210,"15,503",482.25m
SCOPE (0028),3.12,0.500,0.160,0.135,0.160,0.115,0.190,-0.22,-,-1.06,0.207,"1,265",89.68m
SDRED (2224),3.79,2.500,0.660,0.650,0.670,0.600,0.935,2.44,27.05,1.18,2.074,373,281.24m
SEACERA (7073),0.00,0.000,0.340,0.240,0.375,0.155,0.770,-9.94,-,-5.65,1.760,"128,391",148.91m
SEAL (4286),0.00,0.000,0.340,0.300,0.385,0.285,0.460,10.01,3.40,8.41,1.190,416,82.60m
SEALINK (5145),0.00,0.000,0.120,0.105,0.145,0.090,0.190,-3.95,-,-5.34,0.740,"2,007",60.00m
SEB (5163),0.00,0.000,0.300,0.240,0.300,0.180,0.475,-9.74,-,-31.42,0.310,153,24.00m
SEDANIA (0178),8.33,1.000,0.120,0.100,0.150,0.090,0.315,-1.93,-,-16.50,0.117,"1,839",27.10m
SEEHUP (7053),1.96,1.800,0.920,0.920,0.940,0.920,1.292,-4.19,-,-4.04,1.038,49,73.99m
SEERS (03009),0.00,0.000,0.100,0.100,0.100,0.085,0.100,-,-,-,0.030,142,25.76m
SEG (9792),5.47,3.500,0.640,0.630,0.640,0.578,0.675,3.33,19.22,44.40,0.075,"1,271",809.32m
SEM (5250),1.86,2.700,1.450,1.390,1.470,1.250,1.570,4.16,34.86,50.73,0.082,"4,255",1.788b
SENDAI (5205),0.00,0.000,0.585,0.525,0.630,0.455,1.090,8.97,6.52,7.35,1.220,"18,463",456.94m
SERBADK (5279),1.73,6.800,3.920,3.670,4.030,2.813,4.264,26.41,14.84,18.47,1.430,"33,271",5.757b
SERNKOU (7180),0.00,0.000,0.540,0.525,0.590,0.480,0.700,3.73,14.48,10.97,0.340,869,129.60m
SERSOL (0055),0.00,0.000,0.105,0.085,0.105,0.080,0.180,-0.35,-,-4.38,0.080,"3,895",22.61m
SGB (7165),0.00,0.000,0.730,0.660,0.775,0.655,0.905,-3.65,-,-7.30,0.500,914,144.98m
SHANG (5517),2.68,15.000,5.600,5.450,5.950,4.550,6.350,16.04,34.91,6.63,2.421,"1,466",2.464b
SHCHAN (4316),0.00,0.000,0.440,0.370,0.445,0.320,0.610,-4.77,-,-10.60,0.450,20,58.02m
SHH (7412),10.00,5.000,0.500,0.500,0.540,0.470,1.030,-19.40,-,-13.38,1.450,108,25.00m
SHL (6017),6.67,16.000,2.400,2.300,2.400,2.180,2.620,27.89,8.61,8.45,3.300,83,581.10m
SIGGAS (5181),0.95,0.800,0.840,0.835,0.900,0.750,1.062,2.66,31.58,3.91,0.680,"1,726",157.50m
SIGN (7246),3.90,1.500,0.385,0.345,0.395,0.315,0.660,1.02,37.75,1.34,0.760,"2,075",92.52m
SIME (4197),3.67,8.000,2.180,2.130,2.340,2.040,2.870,12.35,17.65,5.83,2.120,"101,410",14.826b
SIMEPLT (5285),3.42,17.500,5.110,5.010,5.320,3.950,5.625,-,-,-,1.930,"34,591",35.180b
SIMEPROP (5288),5.00,5.000,1.000,0.995,1.210,0.905,1.480,-,-,-,1.350,"40,739",6.801b
SINOTOP (8532),5.12,1.510,0.295,0.260,0.315,0.200,0.600,-,-,-,0.460,"3,427",116.50m
SJC (9431),0.00,0.000,0.610,0.590,0.650,0.530,0.860,-1.89,-,-1.44,1.310,8,24.73m
SKBSHUT (7115),0.00,0.000,0.550,0.500,0.550,0.410,0.645,5.22,10.54,2.55,2.050,14,22.00m
SKPRES (7155),3.80,5.060,1.330,1.260,1.380,0.945,1.839,8.46,15.72,18.39,0.460,"26,876",1.663b
SLIC (03008),2.38,1.000,0.420,0.420,0.420,0.220,0.420,-,-,-,0.090,4,53.34m
SLP (7248),3.52,4.500,1.280,1.180,1.330,0.775,1.470,7.97,16.06,13.93,0.572,"2,206",405.71m
SMCAP (9776),0.00,0.000,0.170,0.150,0.200,0.105,0.411,-18.07,-,-38.20,0.473,"14,856",36.34m
SMETRIC (0203),0.00,0.000,0.500,0.390,0.550,0.370,0.560,-,-,-,0.150,"62,579",121.80m
SMI (4375),0.00,0.000,0.170,0.150,0.180,0.135,0.250,2.04,8.33,2.43,0.840,"1,806",35.69m
SMISCOR (7132),0.00,0.000,0.480,0.430,0.530,0.370,0.540,-9.65,-,-7.91,1.220,55,21.50m
SMRT (0117),0.00,0.000,0.125,0.110,0.125,0.095,0.210,0.89,14.04,2.04,0.436,"5,817",50.88m
SMTRACK (0169),0.00,0.000,0.070,0.065,0.075,0.055,0.200,-3.24,-,-36.00,0.090,"11,200",10.26m
SNC (7943),0.00,0.000,0.280,0.240,0.290,0.225,0.310,-4.27,-,-12.20,0.350,67,18.48m
SNTORIA (5213),0.00,0.000,0.435,0.380,0.460,0.345,0.670,3.72,11.69,3.88,0.960,666,246.76m
SOLID (5242),0.68,0.200,0.295,0.290,0.320,0.290,0.368,0.59,50.00,1.64,0.360,651,115.66m
SOLUTN (0093),11.11,1.000,0.090,0.090,0.115,0.080,0.200,-1.11,-,-8.88,0.125,"4,161",27.58m
SOP (5126),2.34,6.000,2.560,2.530,2.700,1.960,3.790,-,-,-,3.750,757,1.461b
SPB (1783),1.93,12.000,6.230,6.120,6.230,3.950,6.230,-0.61,-,-0.09,7.170,404,2.141b
SPRITZER (7103),2.51,5.500,2.190,2.010,2.200,2.000,2.460,11.54,18.98,6.22,1.854,188,459.88m
SPSETIA (8664),7.01,15.500,2.210,2.160,2.620,1.930,3.260,16.95,13.04,5.59,3.030,"20,385",8.748b
SRIDGE (0129),0.00,0.000,0.255,0.245,0.340,0.150,0.340,-,-,-,0.080,"28,092",35.02m
SSTEEL (5665),4.40,3.500,0.795,0.770,0.895,0.720,2.095,10.34,7.69,4.85,2.130,"4,039",344.75m
STAR (6084),53.85,42.000,0.780,0.695,0.830,0.620,1.280,0.71,109.86,0.63,1.130,"5,102",576.08m
STERPRO (0140),0.00,0.000,0.195,0.145,0.250,0.135,0.300,-,-,-,0.160,791,62.65m
STONE (7143),0.00,0.000,0.100,0.095,0.130,0.095,0.230,-4.84,-,-,-0.023,223,8.99m
STRAITS (0080),0.00,0.000,0.255,0.215,0.270,0.210,0.285,0.65,39.23,4.25,0.153,"7,269",159.16m
SUBUR (6904),0.00,0.000,0.510,0.500,0.660,0.400,1.100,-8.41,-,-2.64,3.190,92,106.59m
SUCCESS (7207),1.44,1.000,0.695,0.535,0.720,0.520,1.035,2.40,28.96,1.61,1.490,"1,734",172.71m
SUIWAH (9865),0.38,1.000,2.660,2.640,2.690,1.920,2.830,16.02,16.60,3.93,4.080,149,162.26m
SUMATEC (1201),0.00,0.000,0.005,0.005,0.010,0.005,0.075,-1.59,-,-15.44,0.103,"188,218",21.26m
SUNCON (5263),3.98,7.000,1.760,1.540,1.790,1.300,2.375,11.19,15.73,24.33,0.460,"12,580",2.276b
SUNREIT (5176),5.47,9.570,1.750,1.718,1.778,1.388,1.778,14.16,12.36,9.72,1.457,"16,915",5.154b
SUNSURIA (3743),0.00,0.000,0.635,0.580,0.675,0.580,1.310,11.45,5.55,11.34,1.010,706,507.26m
SUNWAY (5211),3.64,6.000,1.650,1.550,1.690,1.350,1.690,13.38,12.33,7.78,1.720,"21,246",8.125b
SUNZEN (0148),1.82,0.300,0.165,0.160,0.185,0.130,0.280,-1.31,-,-6.55,0.200,"2,538",86.78m
SUPERLN (7235),2.65,3.500,1.320,1.260,1.390,0.976,1.750,7.60,17.37,9.68,0.785,"2,911",211.20m
SUPERMX (7106),5.10,8.000,1.570,1.500,1.710,1.067,2.288,8.62,18.21,5.39,1.600,"82,212",2.136b
SUPREME (03018),0.00,0.000,0.680,0.650,0.680,0.600,0.680,-,-,-,-,305,81.60m
SURIA (6521),2.48,3.500,1.410,1.370,1.500,1.203,1.535,15.31,9.21,4.91,3.119,519,487.61m
SWKPLNT (5135),3.21,5.000,1.560,1.500,1.590,1.450,1.800,3.99,39.10,2.05,1.950,230,436.80m
SWSCAP (7186),0.00,0.000,0.700,0.605,0.720,0.590,0.988,-1.65,-,-3.08,0.535,563,127.64m
SYCAL (9717),0.00,0.000,0.225,0.220,0.235,0.210,0.295,0.66,34.09,1.01,0.656,918,93.67m
SYF (7082),6.82,1.500,0.220,0.215,0.235,0.198,0.358,-3.69,-,-7.85,0.470,"4,480",136.23m
SYMLIFE (1538),7.59,3.000,0.395,0.360,0.415,0.320,0.751,9.66,4.09,6.48,1.490,"2,057",233.16m
SYSCORP (5173),0.00,0.000,0.295,0.265,0.315,0.210,0.405,0.53,55.66,0.54,0.990,"14,300",354.00m
SYSTECH (0050),1.36,0.300,0.220,0.210,0.250,0.180,0.345,0.64,34.38,0.04,15.560,"5,392",76.50m
T7GLOBAL (7228),0.00,0.000,0.470,0.410,0.470,0.300,0.615,1.01,46.53,2.97,0.340,"18,448",197.14m
TA (4898),6.46,4.100,0.635,0.620,0.665,0.454,0.695,4.36,14.56,3.05,1.430,"14,814",1.087b
TAANN (5012),4.07,10.000,2.460,2.400,2.580,1.880,3.260,17.58,13.99,5.86,3.000,"2,256",1.094b
TADMAX (4022),0.00,0.000,0.235,0.230,0.295,0.165,0.295,0.71,33.10,1.50,0.474,"8,797",184.18m
TAFI (7211),0.00,0.000,0.325,0.270,0.325,0.270,0.420,-5.77,-,-9.95,0.580,93,26.00m
TAGB (5158),2.31,0.600,0.260,0.250,0.280,0.240,0.349,2.92,8.90,5.03,0.580,"4,299",1.384b
TAKAFUL (6139),3.41,15.000,4.400,4.210,4.680,3.050,4.680,35.78,12.30,30.07,1.190,"4,359",3.627b
TALAMT (2259),0.00,0.000,0.030,0.025,0.040,0.025,0.045,-0.47,-,-5.40,0.087,"14,181",126.61m
TALIWRK (8524),9.30,8.000,0.860,0.815,0.920,0.406,0.920,4.92,17.48,9.39,0.524,"13,636",1.734b
TAMBUN (5191),10.07,7.700,0.765,0.750,0.795,0.658,1.030,12.77,5.99,9.12,1.400,"4,670",331.53m
TANCO (2429),0.00,0.000,0.055,0.050,0.065,0.045,0.112,-1.16,-,-5.00,0.232,"8,923",39.13m
TAS (5149),0.00,0.000,0.260,0.230,0.310,0.180,0.395,1.32,19.70,1.44,0.916,"1,472",46.80m
TASCO (5140),3.38,4.500,1.330,1.240,1.500,0.990,1.975,7.98,16.67,4.34,1.840,458,266.00m
TASEK (4448),8.51,40.000,4.700,4.600,4.800,4.050,8.700,-17.64,-,-4.01,4.399,106,581.02m
TAWIN (7097),0.00,0.000,0.460,0.405,0.500,0.405,0.940,-,-,-,0.890,"2,849",36.62m
TCHONG (4405),1.20,2.000,1.670,1.400,1.750,1.330,1.880,15.03,11.11,3.45,4.360,567,1.122b
TDEX (0132),0.00,0.000,0.080,0.065,0.110,0.065,0.145,-,-,-,0.070,"8,181",47.23m
TDM (2054),2.86,0.500,0.175,0.170,0.215,0.145,0.420,-4.54,-,-6.88,0.660,"37,454",294.46m
TECFAST (0084),3.03,1.000,0.330,0.300,0.400,0.250,0.560,1.74,18.97,15.13,0.115,"10,850",75.29m
TECGUAN (7439),0.00,0.000,0.775,0.775,0.900,0.695,1.260,-4.37,-,-1.77,2.467,49,31.08m
TECHBND (5289),0.00,0.000,0.735,0.735,1.020,0.735,1.020,-,-,-,0.550,"62,103",169.05m
TEKSENG (7200),8.00,2.000,0.250,0.240,0.270,0.220,0.385,-13.99,-,-23.71,0.590,"4,322",87.04m
TENAGA (5347),4.66,61.000,13.080,12.900,13.600,12.520,15.823,65.48,19.98,6.44,10.170,"77,824",74.385b
TEOSENG (7252),2.29,3.000,1.310,1.010,1.340,0.735,1.340,10.12,12.94,10.88,0.930,"2,621",393.00m
TEXCHEM (8702),16.81,10.000,0.595,0.590,0.700,0.590,0.910,-5.44,-,-2.70,2.014,313,73.84m
TEXCYCL (0089),2.00,1.100,0.550,0.515,0.570,0.510,0.754,3.05,18.03,7.62,0.400,401,140.90m
TFP (0145),0.00,0.000,0.100,0.090,0.110,0.085,0.210,-0.95,-,-0.19,5.080,"5,495",20.80m
TGL (9369),5.21,5.000,0.960,0.960,1.060,0.830,1.110,15.25,6.30,7.26,2.100,10,39.11m
TGUAN (7034),3.04,8.000,2.630,2.270,2.700,2.070,3.080,33.25,7.91,9.13,3.640,"1,124",358.82m
THETA (9075),0.00,0.000,0.405,0.325,0.430,0.240,0.460,-1.50,-,-2.38,0.630,"1,061",43.43m
THHEAVY (7206),0.00,0.000,0.055,0.035,0.060,0.025,0.090,-0.23,-,-4.60,0.050,"22,949",61.67m
THPLANT (5112),7.06,3.600,0.510,0.510,0.620,0.455,0.970,-67.27,-,-74.74,0.900,"1,033",450.76m
THRIVEN (7889),0.00,0.000,0.215,0.200,0.240,0.131,0.485,4.00,5.38,11.11,0.360,"20,003",110.56m
TIENWAH (7374),5.08,6.000,1.180,1.040,1.180,1.040,1.600,-4.24,-,-1.88,2.250,175,170.80m
TIGER (7079),0.00,0.000,0.075,0.075,0.080,0.045,0.160,-0.29,-,-0.63,0.460,"83,651",85.90m
TIMECOM (5031),2.10,17.200,8.200,7.750,8.400,7.060,8.510,49.46,16.58,11.45,4.320,"3,966",4.786b
TIMWELL (7854),1.46,1.000,0.685,0.600,0.700,0.410,0.700,7.30,9.38,12.83,0.569,15,61.00m
TITIJYA (5239),0.79,0.250,0.315,0.305,0.340,0.285,0.648,4.05,7.78,4.31,0.940,"15,648",423.49m
TM (4863),7.10,21.500,3.030,2.820,3.120,2.110,5.829,4.08,74.26,2.04,2.003,"73,644",11.387b
TMCLIFE (0101),0.25,0.180,0.725,0.720,0.750,0.693,0.843,1.66,43.67,3.86,0.430,"2,749",1.259b
TNLOGIS (8397),3.20,2.000,0.625,0.600,0.735,0.600,1.170,3.29,19.00,2.10,1.570,"1,987",287.98m
TOCEAN (7218),0.00,0.000,0.755,0.730,0.880,0.350,1.150,0.33,228.79,0.32,1.020,165,30.95m
TOMEI (7230),1.92,1.000,0.520,0.500,0.600,0.475,0.695,3.42,15.20,2.30,1.490,280,72.07m
TOMYPAK (7285),6.73,3.800,0.565,0.550,0.655,0.525,0.862,-0.44,-,-0.96,0.460,"6,143",237.22m
TONGHER (5010),10.00,36.000,3.600,3.570,4.230,2.400,4.230,38.71,9.30,13.17,2.940,608,566.75m
TOPGLOV (7113),2.59,12.000,4.640,4.530,5.210,4.185,6.310,17.11,27.12,17.64,0.970,"100,472",11.881b
TOPVISN (03013),0.00,0.000,0.380,0.375,0.380,0.230,0.385,-,-,-,0.073,60,97.13m
TOYOINK (7173),1.57,1.000,0.635,0.585,0.720,0.500,1.040,2.80,22.68,2.48,1.130,"2,262",67.95m
TPC (7176),0.00,0.000,0.455,0.310,0.460,0.300,0.460,-,-,-,0.360,326,106.38m
TRC (5054),5.33,2.800,0.525,0.520,0.590,0.405,0.697,4.34,12.10,5.05,0.860,"12,927",252.26m
TRIMODE (0199),2.25,1.000,0.445,0.400,0.475,0.295,0.565,2.17,20.51,5.17,0.420,"1,430",73.87m
TRIVE (0118),0.00,0.000,0.015,0.015,0.020,0.010,0.045,-,-,-,0.030,"58,143",35.20m
TROP (5401),3.18,2.780,0.875,0.845,0.895,0.777,0.902,11.56,7.57,4.90,2.360,"2,626",1.287b
TSH (9059),1.82,2.000,1.100,1.020,1.150,0.960,1.580,2.90,37.93,2.93,0.991,928,1.520b
TSRCAP (5042),0.00,0.000,0.450,0.390,0.480,0.295,0.580,-,-,-,1.040,112,78.50m
TUNEPRO (5230),4.62,3.000,0.650,0.615,0.690,0.525,1.000,6.56,9.91,9.37,0.700,"16,433",488.64m
TURBO (5167),1.35,1.000,0.740,0.680,0.840,0.620,0.840,6.06,12.21,6.18,0.980,81,79.92m
TURIYA (4359),0.00,0.000,0.120,0.120,0.175,0.105,0.195,1.09,11.01,2.06,0.530,188,27.45m
TWRREIT (5111),2.33,2.100,0.900,0.895,0.925,0.875,1.079,-,-,-,1.895,307,252.45m
UCHITEC (7100),9.89,27.000,2.730,2.560,2.850,1.850,3.100,15.31,17.83,45.03,0.340,"6,163",1.231b
UCREST (0005),0.00,0.000,0.255,0.230,0.280,0.200,0.430,3.36,7.59,40.00,0.084,"136,181",118.33m
UEMS (5148),1.22,1.000,0.820,0.755,0.880,0.620,1.080,6.18,13.27,3.96,1.560,"15,499",3.721b
ULICORP (7133),1.16,0.500,0.430,0.425,0.600,0.425,1.714,1.95,22.05,1.47,1.325,"2,396",93.65m
UMCCA (2593),2.16,12.000,5.550,5.400,5.560,5.100,6.510,-0.92,-,-0.13,7.190,772,1.164b
UMS (7137),4.03,10.000,2.480,2.300,2.600,2.000,2.750,11.73,21.14,2.92,4.020,28,100.91m
UMSNGB (7227),2.86,3.000,1.050,0.960,1.060,0.810,1.060,10.06,10.44,8.05,1.250,35,84.00m
UMW (4588),0.85,5.000,5.860,5.670,5.990,4.200,6.900,29.24,20.04,10.27,2.848,"18,151",6.846b
UNIMECH (7091),2.97,3.000,1.010,0.970,1.040,0.870,1.085,11.84,8.53,7.21,1.643,"1,543",160.36m
UNISEM (5005),3.93,11.000,2.800,2.800,3.200,1.555,3.300,13.06,21.44,6.64,1.968,"21,120",2.055b
UNIWALL (03017),0.00,0.000,0.280,0.280,0.280,0.180,0.280,-,-,-,0.040,4,102.40m
UOADEV (5200),6.67,15.000,2.250,2.230,2.420,1.840,2.560,20.54,10.95,8.09,2.540,"3,992",4.151b
UOAREIT (5110),6.76,9.130,1.350,1.310,1.370,1.239,1.449,13.61,9.92,7.94,1.715,236,570.88m
UPA (7757),8.33,18.000,2.160,2.050,2.170,2.050,2.480,11.52,18.75,3.52,3.270,50,171.90m
UTDPLT (2089),5.11,140.000,27.420,25.800,27.500,25.000,28.080,-,-,-,12.260,312,5.707b
UTUSAN (5754),0.00,0.000,0.175,0.115,0.310,0.085,0.500,-168.53,-,-,-0.823,559,19.38m
UZMA (7250),0.00,0.000,0.910,0.675,0.995,0.550,1.570,-,-,-,1.530,"7,930",291.23m
VC (0060),0.00,0.000,0.130,0.125,0.165,0.125,0.220,1.26,10.32,10.77,0.117,"61,791",39.64m
VELESTO (5243),0.00,0.000,0.245,0.185,0.260,0.165,0.335,-0.22,-,-0.65,0.341,"240,864",2.013b
VERSATL (4995),0.00,0.000,0.425,0.365,0.435,0.355,0.750,-13.34,-,-40.42,0.330,"6,007",54.86m
VERTICE (7240),0.00,0.000,0.890,0.850,0.925,0.750,1.130,-,-,-,0.780,"1,858",166.35m
VIS (0120),1.92,1.000,0.520,0.445,0.575,0.290,0.795,4.78,10.88,19.92,0.240,"16,963",87.90m
VITROX (0097),0.64,4.500,7.020,6.510,7.040,4.802,8.502,22.42,31.31,25.51,0.879,"3,487",3.303b
VIVOCOM (0069),0.00,0.000,0.020,0.015,0.025,0.015,0.068,-1.22,-,-15.25,0.080,"90,752",113.29m
VIZIONE (7070),0.00,0.000,0.995,0.950,1.040,0.770,1.155,9.58,10.39,10.38,0.923,"12,590",556.60m
VS (6963),4.31,4.700,1.090,0.800,1.100,0.614,2.321,7.96,13.69,9.48,0.840,"144,558",1.979b
VSOLAR (0066),0.00,0.000,0.195,0.140,0.205,0.085,0.205,-0.45,-,-10.47,0.043,"18,429",75.28m
VSTECS (5162),5.15,5.000,0.970,0.960,1.030,0.905,1.170,13.68,7.09,8.55,1.600,"1,011",174.60m
WANGZNG (7203),3.33,4.000,1.200,1.130,1.270,0.995,1.620,6.50,18.46,5.42,1.200,270,192.00m
WARISAN (5016),1.83,4.000,2.180,2.100,2.190,1.990,2.340,11.10,19.64,2.16,5.150,16,146.50m
WASEONG (5142),0.64,0.500,0.780,0.740,0.925,0.595,1.660,8.36,9.33,6.74,1.240,"8,288",604.41m
WATTA (7226),0.00,0.000,0.845,0.760,0.860,0.240,0.860,-3.70,-,-5.61,0.660,"3,336",71.39m
WCEHB (3565),0.00,0.000,0.510,0.485,0.650,0.465,1.170,0.88,57.95,1.26,0.698,"2,118",511.40m
WCT (9679),3.68,3.000,0.815,0.800,0.910,0.660,1.570,7.89,10.33,3.51,2.250,"61,869",1.154b
WEGMANS (0197),1.56,0.500,0.320,0.310,0.360,0.189,0.393,2.50,12.80,16.67,0.150,"24,092",160.00m
WELLCAL (7231),4.19,5.450,1.300,1.230,1.300,1.126,1.446,6.67,19.49,30.18,0.221,"1,271",647.33m
WIDAD (0162),0.00,0.000,0.330,0.295,0.355,0.220,0.405,0.50,66.00,8.33,0.060,"24,109",810.03m
WIDETEC (7692),0.00,0.000,0.565,0.530,0.580,0.460,0.655,3.96,14.27,4.83,0.820,14,25.29m
WILLOW (0008),4.35,2.000,0.460,0.460,0.505,0.415,0.650,2.24,20.54,7.00,0.320,"2,459",228.16m
WINTONI (0141),0.00,0.000,0.035,0.035,0.035,0.035,0.035,-0.32,-,-,-0.210,0,17.96m
WMG (6378),0.00,0.000,0.115,0.115,0.135,0.105,0.255,-5.31,-,-11.30,0.470,708,49.01m
WONG (7050),3.20,2.000,0.625,0.560,0.635,0.559,0.966,7.57,8.26,10.66,0.710,"1,041",71.63m
WOODLAN (7025),0.00,0.000,0.750,0.570,0.750,0.500,0.750,4.70,15.96,4.16,1.130,35,30.00m
WPRTS (5246),3.22,11.730,3.640,3.630,4.000,2.983,4.000,15.64,23.27,22.09,0.708,"11,809",12.412b
WTHORSE (5009),5.30,7.000,1.320,1.320,1.540,1.320,1.880,-11.33,-,-3.76,3.010,103,316.80m
WTK (4243),1.94,1.000,0.515,0.475,0.530,0.415,0.760,16.85,3.06,7.26,2.320,"4,149",247.89m
WZSATU (7245),0.00,0.000,0.340,0.305,0.400,0.160,0.626,-20.74,-,-43.21,0.480,"4,876",158.16m
XDL (5156),0.00,0.000,0.110,0.100,0.125,0.095,0.210,1.15,9.57,1.47,0.780,"59,046",198.54m
XIANLNG (7121),0.00,0.000,0.460,0.430,0.470,0.400,0.615,0.02,2300.00,0.03,0.620,783,36.77m
XINGHE (0095),0.00,0.000,0.035,0.030,0.040,0.030,0.060,-0.89,-,-4.64,0.192,"40,158",90.07m
XINHWA (5267),1.19,1.000,0.840,0.790,0.875,0.620,1.160,2.43,34.57,3.52,0.690,"2,325",181.44m
XINQUAN (5155),0.00,0.000,0.055,0.055,0.055,0.055,0.055,-79.48,-,-41.83,1.900,0,26.68m
XOX (0165),0.00,0.000,0.050,0.050,0.060,0.050,0.105,-,-,-,0.111,"51,599",54.62m
Y&G (7003),0.00,0.000,0.910,0.910,0.910,0.910,1.000,5.54,16.43,3.82,1.450,10,181.44m
YBS (0025),1.72,0.250,0.145,0.135,0.155,0.125,0.195,1.25,11.60,5.21,0.240,"4,532",35.09m
YEELEE (5584),2.43,4.500,1.850,1.810,1.880,1.800,2.315,19.56,9.46,5.94,3.293,363,354.47m
YFG (7122),0.00,0.000,0.005,0.005,0.005,0.005,0.035,-2.02,-,-,-0.160,"6,927",3.05m
YGL (0086),0.00,0.000,0.115,0.110,0.125,0.100,0.180,-1.01,-,-14.03,0.072,"1,238",26.71m
YILAI (5048),0.00,0.000,0.600,0.570,0.620,0.545,0.760,-1.97,-,-1.42,1.390,296,96.00m
YINSON (7293),2.25,10.000,4.450,4.050,4.560,3.580,4.910,21.46,20.74,13.01,1.650,"8,009",4.865b
YKGI (7020),0.00,0.000,0.105,0.100,0.150,0.090,0.455,-38.10,-,-2.93,13.000,"16,610",36.82m
YLI (7014),2.08,0.500,0.240,0.230,0.335,0.200,0.445,-20.04,-,-15.53,1.290,364,24.71m
YNHPROP (3158),0.58,0.700,1.200,1.180,1.330,1.040,1.660,2.95,40.68,1.72,1.720,"14,993",634.80m
YOCB (5159),3.54,4.000,1.130,1.030,1.150,0.950,1.290,17.64,6.41,12.60,1.400,674,180.80m
YONGTAI (7066),0.00,0.000,0.335,0.325,0.385,0.300,1.580,-0.59,-,-0.53,1.120,"53,738",162.69m
YSPSAH (7178),2.40,7.000,2.920,2.700,2.980,2.260,3.390,21.94,13.31,9.62,2.280,653,403.90m
YTL (4677),3.92,4.000,1.020,1.020,1.160,0.875,1.440,2.42,42.15,1.91,1.270,"91,335",11.129b
YTLLAND (2577),0.00,0.000,0.395,0.385,0.420,0.370,0.510,-15.88,-,-17.45,0.910,732,333.52m
YTLPOWR (6742),5.81,5.000,0.860,0.860,0.945,0.680,1.220,6.74,12.76,4.27,1.580,"85,315",7.016b
YTLREIT (5109),6.15,7.870,1.280,1.250,1.320,1.012,1.320,11.74,10.90,7.49,1.568,"6,988",2.182b
ZECON (7028),0.00,0.000,0.230,0.210,0.260,0.150,0.630,8.23,2.79,4.70,1.750,"3,912",30.13m
ZELAN (2283),0.00,0.000,0.070,0.045,0.075,0.025,0.130,-1.24,-,-17.71,0.070,"24,866",59.14m
ZHULIAN (5131),7.35,10.000,1.360,1.320,1.380,1.160,1.550,11.74,11.58,9.08,1.293,409,625.60m
